date,count
2015-01-01,2700.0
2015-01-02,7379.0
2015-01-03,13593.0
2015-01-04,20874.0
2015-01-05,28745.0
2015-01-06,35687.0
2015-01-07,41354.0
2015-01-08,48056.0
2015-01-09,54637.0
2015-01-10,62760.0
2015-01-11,69422.0
2015-01-12,76642.0
2015-01-13,84215.0
2015-01-14,93115.0
2015-01-15,100718.0
2015-01-16,107877.0
2015-01-17,114472.0
2015-01-18,120235.0
2015-01-19,128929.0
2015-01-20,136985.0
2015-01-21,145029.0
2015-01-22,152915.0
2015-01-23,160458.0
2015-01-24,168764.0
2015-01-25,178663.0
2015-01-26,186984.0
2015-01-27,194445.0
2015-01-28,204113.0
2015-01-29,212321.0
2015-01-30,221184.0
2015-01-31,227884.0
2015-02-01,234721.0
2015-02-02,242305.0
2015-02-03,250574.0
2015-02-04,261463.0
2015-02-05,270968.0
2015-02-06,281411.0
2015-02-07,290357.0
2015-02-08,300186.0
2015-02-09,309079.0
2015-02-10,316215.0
2015-02-11,324248.0
2015-02-12,332144.0
2015-02-13,341669.0
2015-02-14,348609.0
2015-02-15,358924.0
2015-02-16,365642.0
2015-02-17,374052.0
2015-02-18,382313.0
2015-02-19,389344.0
2015-02-20,400648.0
2015-02-21,412951.0
2015-02-22,430392.0
2015-02-23,445420.0
2015-02-24,459564.0
2015-02-25,470809.0
2015-02-26,482218.0
2015-02-27,494378.0
2015-02-28,505259.0
2015-03-01,515212.0
2015-03-02,525307.0
2015-03-03,533982.0
2015-03-04,543820.0
2015-03-05,553725.0
2015-03-06,561982.0
2015-03-07,571311.0
2015-03-08,581517.0
2015-03-09,592400.0
2015-03-10,601472.0
2015-03-11,610921.0
2015-03-12,639731.0
2015-03-13,649510.0
2015-03-14,658455.0
2015-03-15,668299.0
2015-03-16,679403.0
2015-03-17,712267.0
2015-03-18,724390.0
2015-03-19,737294.0
2015-03-20,749003.0
2015-03-21,761252.0
2015-03-22,769879.0
2015-03-23,784667.0
2015-03-24,798102.0
2015-03-25,812185.0
2015-03-26,828276.0
2015-03-27,846270.0
2015-03-28,857498.0
2015-03-29,885237.0
2015-03-30,915627.0
2015-03-31,929718.0
2015-04-01,943753.0
2015-04-02,960488.0
2015-04-03,999432.0
2015-04-04,1020087.0
2015-04-05,1035843.0
2015-04-06,1058771.0
2015-04-07,1079626.0
2015-04-08,1099874.0
2015-04-09,1114357.0
2015-04-10,1150500.0
2015-04-11,1160967.0
2015-04-12,1171729.0
2015-04-13,1197555.0
2015-04-14,1226675.0
2015-04-15,1238499.0
2015-04-16,1252366.0
2015-04-17,1266176.0
2015-04-18,1286034.0
2015-04-19,1305109.0
2015-04-20,1319839.0
2015-04-21,1333591.0
2015-04-22,1353234.0
2015-04-23,1370192.0
2015-04-24,1396500.0
2015-04-25,1417543.0
2015-04-26,1431698.0
2015-04-27,1462610.0
2015-04-28,1484876.0
2015-04-29,1506078.0
2015-04-30,1519884.0
2015-05-01,1558040.0
2015-05-02,1576363.0
2015-05-03,1593067.0
2015-05-04,1629592.0
2015-05-05,1649048.0
2015-05-06,1667715.0
2015-05-07,1742286.0
2015-05-08,1764422.0
2015-05-09,1782908.0
2015-05-10,1800984.0
2015-05-11,1818335.0
2015-05-12,1915646.0
2015-05-13,1934879.0
2015-05-14,1954693.0
2015-05-15,1979927.0
2015-05-16,2014640.0
2015-05-17,2043145.0
2015-05-18,2067627.0
2015-05-19,2095551.0
2015-05-20,2115773.0
2015-05-21,2138789.0
2015-05-22,2161763.0
2015-05-23,2182423.0
2015-05-24,2198550.0
2015-05-25,2222532.0
2015-05-26,2249951.0
2015-05-27,2268689.0
2015-05-28,2314574.0
2015-05-29,2341308.0
2015-05-30,2359986.0
2015-05-31,2375569.0
2015-06-01,2396871.0
2015-06-02,2434934.0
2015-06-03,2484731.0
2015-06-04,2502198.0
2015-06-05,2576187.0
2015-06-06,2592151.0
2015-06-07,2606957.0
2015-06-08,2625555.0
2015-06-09,2691429.0
2015-06-10,2725199.0
2015-06-11,2745346.0
2015-06-12,2780029.0
2015-06-13,2811650.0
2015-06-14,2829172.0
2015-06-15,2864078.0
2015-06-16,2887755.0
2015-06-17,2911820.0
2015-06-18,2930409.0
2015-06-19,2949726.0
2015-06-20,2985430.0
2015-06-21,3006126.0
2015-06-22,3028884.0
2015-06-23,3114723.0
2015-06-24,3169350.0
2015-06-25,3193417.0
2015-06-26,3226236.0
2015-06-27,3253214.0
2015-06-28,3274470.0
2015-06-29,3299769.0
2015-06-30,3326068.0
2015-07-01,3346815.0
2015-07-02,3369995.0
2015-07-03,3408535.0
2015-07-04,3432540.0
2015-07-05,3453546.0
2015-07-06,3542809.0
2015-07-07,3570725.0
2015-07-08,3601666.0
2015-07-09,3629314.0
2015-07-10,3712258.0
2015-07-11,3731239.0
2015-07-12,3800380.0
2015-07-13,3825589.0
2015-07-14,3892142.0
2015-07-15,3917357.0
2015-07-16,4012196.0
2015-07-17,4040117.0
2015-07-18,4062135.0
2015-07-19,4082972.0
2015-07-20,4143940.0
2015-07-21,4174296.0
2015-07-22,4221300.0
2015-07-23,4310362.0
2015-07-24,4373704.0
2015-07-25,4398535.0
2015-07-26,4422960.0
2015-07-27,4491807.0
2015-07-28,4581174.0
2015-07-29,4677157.0
2015-07-30,4922658.0
2015-07-31,4961080.0
2015-08-01,5070333.0
2015-08-02,5095976.0
2015-08-03,5169328.0
2015-08-04,5286249.0
2015-08-05,5378474.0
2015-08-06,5449627.0
2015-08-07,5484718.0
2015-08-08,5512325.0
2015-08-09,5544233.0
2015-08-10,5586902.0
2015-08-11,5667879.0
2015-08-12,5706861.0
2015-08-13,5810103.0
2015-08-14,5888585.0
2015-08-15,5920000.0
2015-08-16,6059005.0
2015-08-17,6153893.0
2015-08-18,6255281.0
2015-08-19,6314961.0
2015-08-20,6365119.0
2015-08-21,6412530.0
2015-08-22,6443219.0
2015-08-23,6478747.0
2015-08-24,6589788.0
2015-08-25,6643677.0
2015-08-26,6695361.0
2015-08-27,6961271.0
2015-08-28,7009835.0
2015-08-29,7045894.0
2015-08-30,7078247.0
2015-08-31,7121025.0
2015-09-01,7176609.0
2015-09-02,7229799.0
2015-09-03,7282653.0
2015-09-04,7374568.0
2015-09-05,7407014.0
2015-09-06,7439467.0
2015-09-07,7479921.0
2015-09-08,7527606.0
2015-09-09,7608360.0
2015-09-10,7670611.0
2015-09-11,7717122.0
2015-09-12,7758451.0
2015-09-13,7801689.0
2015-09-14,7897475.0
2015-09-15,7949311.0
2015-09-16,8011392.0
2015-09-17,8418761.0
2015-09-18,8614774.0
2015-09-19,8695055.0
2015-09-20,8735299.0
2015-09-21,8788999.0
2015-09-22,8846902.0
2015-09-23,8893515.0
2015-09-24,8931908.0
2015-09-25,9092453.0
2015-09-26,9122771.0
2015-09-27,9155367.0
2015-09-28,9293715.0
2015-09-29,9364835.0
2015-09-30,9563733.0
2015-10-01,9602209.0
2015-10-02,9636855.0
2015-10-03,9672778.0
2015-10-04,9711388.0
2015-10-05,9749641.0
2015-10-06,9873652.0
2015-10-07,9923503.0
2015-10-08,9972507.0
2015-10-09,10023103.0
2015-10-10,10065044.0
2015-10-11,10109149.0
2015-10-12,10211974.0
2015-10-13,10315565.0
2015-10-14,10368157.0
2015-10-15,10458419.0
2015-10-16,10527819.0
2015-10-17,10568769.0
2015-10-18,10612527.0
2015-10-19,10749984.0
2015-10-20,10859668.0
2015-10-21,10924854.0
2015-10-22,10981568.0
2015-10-23,11038820.0
2015-10-24,11086469.0
2015-10-25,11145558.0
2015-10-26,11406964.0
2015-10-27,11517860.0
2015-10-28,11635461.0
2015-10-29,11703102.0
2015-10-30,11779628.0
2015-10-31,11828543.0
2015-11-01,11873574.0
2015-11-02,11982117.0
2015-11-03,12051791.0
2015-11-04,12159158.0
2015-11-05,12397923.0
2015-11-06,12451546.0
2015-11-07,12497491.0
2015-11-08,12549071.0
2015-11-09,12610652.0
2015-11-10,12741583.0
2015-11-11,12809032.0
2015-11-12,12931978.0
2015-11-13,12995017.0
2015-11-14,13048834.0
2015-11-15,13096973.0
2015-11-16,13280370.0
2015-11-17,13338330.0
2015-11-18,13430848.0
2015-11-19,13536985.0
2015-11-20,13732479.0
2015-11-21,13792647.0
2015-11-22,13837088.0
2015-11-23,13895050.0
2015-11-24,14017880.0
2015-11-25,14084254.0
2015-11-26,14137997.0
2015-11-27,14200717.0
2015-11-28,14251020.0
2015-11-29,14314264.0
2015-11-30,14483088.0
2015-12-01,14584455.0
2015-12-02,14648816.0
2015-12-03,14717194.0
2015-12-04,14787352.0
2015-12-05,14833184.0
2015-12-06,14886926.0
2015-12-07,14947418.0
2015-12-08,15073690.0
2015-12-09,15306707.0
2015-12-10,15853961.0
2015-12-11,16300853.0
2015-12-12,16370756.0
2015-12-13,16430309.0
2015-12-14,16500963.0
2015-12-15,16569695.0
2015-12-16,16644495.0
2015-12-17,16718446.0
2015-12-18,16782287.0
2015-12-19,16841159.0
2015-12-20,16900154.0
2015-12-21,16974378.0
2015-12-22,17151768.0
2015-12-23,17216917.0
2015-12-24,17287055.0
2015-12-25,17337165.0
2015-12-26,17383539.0
2015-12-27,17433590.0
2015-12-28,17499686.0
2015-12-29,17562339.0
2015-12-30,17637336.0
2015-12-31,17693626.0
2016-01-01,17746435.0
2016-01-02,17824424.0
2016-01-03,17905400.0
2016-01-04,18050436.0
2016-01-05,18132610.0
2016-01-06,18220713.0
2016-01-07,18394311.0
2016-01-08,18486148.0
2016-01-09,18579760.0
2016-01-10,18695064.0
2016-01-11,18797514.0
2016-01-12,19118755.0
2016-01-13,19413987.0
2016-01-14,19566597.0
2016-01-15,19729459.0
2016-01-16,19800560.0
2016-01-17,19957014.0
2016-01-18,20054051.0
2016-01-19,20146894.0
2016-01-20,20236125.0
2016-01-21,20323566.0
2016-01-22,20451228.0
2016-01-23,20560820.0
2016-01-24,20656745.0
2016-01-25,20754723.0
2016-01-26,20856079.0
2016-01-27,20954923.0
2016-01-28,21169811.0
2016-01-29,21431298.0
2016-01-30,21586382.0
2016-01-31,21660444.0
2016-02-01,21776302.0
2016-02-02,21879269.0
2016-02-03,21965774.0
2016-02-04,22152139.0
2016-02-05,22543061.0
2016-02-06,22624727.0
2016-02-07,22711022.0
2016-02-08,22808156.0
2016-02-09,22900256.0
2016-02-10,23009626.0
2016-02-11,23303142.0
2016-02-12,23515731.0
2016-02-13,23600870.0
2016-02-14,23681653.0
2016-02-15,23777147.0
2016-02-16,23967120.0
2016-02-17,24147771.0
2016-02-18,24279883.0
2016-02-19,24411000.0
2016-02-20,24489808.0
2016-02-21,24591405.0
2016-02-22,24775957.0
2016-02-23,25024308.0
2016-02-24,25194386.0
2016-02-25,25372969.0
2016-02-26,25552281.0
2016-02-27,25663306.0
2016-02-28,25768483.0
2016-02-29,25877959.0
2016-03-01,26011447.0
2016-03-02,26144312.0
2016-03-03,26441811.0
2016-03-04,26630736.0
2016-03-05,26736718.0
2016-03-06,26831694.0
2016-03-07,27043153.0
2016-03-08,27198741.0
2016-03-09,27444390.0
2016-03-10,27584587.0
2016-03-11,27711220.0
2016-03-12,27804616.0
2016-03-13,27914812.0
2016-03-14,28141842.0
2016-03-15,28596819.0
2016-03-16,28786122.0
2016-03-17,28991058.0
2016-03-18,29244555.0
2016-03-19,29459036.0
2016-03-20,29676834.0
2016-03-21,29914280.0
2016-03-22,30223760.0
2016-03-23,30401422.0
2016-03-24,30587773.0
2016-03-25,30921062.0
2016-03-26,31036554.0
2016-03-27,31145395.0
2016-03-28,31434511.0
2016-03-29,31662634.0
2016-03-30,31800940.0
2016-03-31,32122141.0
2016-04-01,32270205.0
2016-04-02,32537323.0
2016-04-03,32703539.0
2016-04-04,32924645.0
2016-04-05,33048815.0
2016-04-06,33314237.0
2016-04-07,33507783.0
2016-04-08,33673909.0
2016-04-09,33769725.0
2016-04-10,33872999.0
2016-04-11,34215156.0
2016-04-12,34393267.0
2016-04-13,34613637.0
2016-04-14,35009933.0
2016-04-15,35249903.0
2016-04-16,35423473.0
2016-04-17,35585011.0
2016-04-18,35761273.0
2016-04-19,35960530.0
2016-04-20,36434319.0
2016-04-21,36707829.0
2016-04-22,37008583.0
2016-04-23,37128716.0
2016-04-24,37257205.0
2016-04-25,37431261.0
2016-04-26,37586133.0
2016-04-27,37859045.0
2016-04-28,37989201.0
2016-04-29,38129195.0
2016-04-30,38220490.0
2016-05-01,38301189.0
2016-05-02,38422381.0
2016-05-03,38559512.0
2016-05-04,38705344.0
2016-05-05,38895780.0
2016-05-06,39151384.0
2016-05-07,39269192.0
2016-05-08,39364740.0
2016-05-09,39619811.0
2016-05-10,39792162.0
2016-05-11,39971705.0
2016-05-12,40129916.0
2016-05-13,40474705.0
2016-05-14,40582531.0
2016-05-15,40687512.0
2016-05-16,40810536.0
2016-05-17,41234343.0
2016-05-18,41604526.0
2016-05-19,41835554.0
2016-05-20,41960336.0
2016-05-21,42162118.0
2016-05-22,42314469.0
2016-05-23,42428894.0
2016-05-24,42682065.0
2016-05-25,42818943.0
2016-05-26,42951042.0
2016-05-27,43098405.0
2016-05-28,43198635.0
2016-05-29,43303301.0
2016-05-30,43424211.0
2016-05-31,43559257.0
2016-06-01,43814950.0
2016-06-02,43936975.0
2016-06-03,44345902.0
2016-06-04,44555727.0
2016-06-05,44769621.0
2016-06-06,45012498.0
2016-06-07,45263538.0
2016-06-08,45521023.0
2016-06-09,45719450.0
2016-06-10,46353304.0
2016-06-11,46440927.0
2016-06-12,46538241.0
2016-06-13,46673062.0
2016-06-14,46815617.0
2016-06-15,47066049.0
2016-06-16,47449612.0
2016-06-17,47575614.0
2016-06-18,47677456.0
2016-06-19,47806576.0
2016-06-20,47931310.0
2016-06-21,48065111.0
2016-06-22,48186585.0
2016-06-23,48402633.0
2016-06-24,48859635.0
2016-06-25,48957014.0
2016-06-26,49060204.0
2016-06-27,49577950.0
2016-06-28,49759598.0
2016-06-29,50280296.0
2016-06-30,50403833.0
2016-07-01,50788330.0
2016-07-02,50903322.0
2016-07-03,51007570.0
2016-07-04,51142530.0
2016-07-05,51493383.0
2016-07-06,51767625.0
2016-07-07,52316541.0
2016-07-08,52671330.0
2016-07-09,52900188.0
2016-07-10,53001899.0
2016-07-11,53289847.0
2016-07-12,53503014.0
2016-07-13,53874691.0
2016-07-14,54018828.0
2016-07-15,54375480.0
2016-07-16,54491236.0
2016-07-17,54607909.0
2016-07-18,54755871.0
2016-07-19,55158880.0
2016-07-20,55969614.0
2016-07-21,56337265.0
2016-07-22,56539573.0
2016-07-23,56630570.0
2016-07-24,56718723.0
2016-07-25,56854332.0
2016-07-26,57343551.0
2016-07-27,57743068.0
2016-07-28,57873458.0
2016-07-29,58280477.0
2016-07-30,58392177.0
2016-07-31,58747654.0
2016-08-01,59010562.0
2016-08-02,59303630.0
2016-08-03,59736510.0
2016-08-04,59872151.0
2016-08-05,60013117.0
2016-08-06,60139215.0
2016-08-07,60267602.0
2016-08-08,60418603.0
2016-08-09,60713601.0
2016-08-10,61296788.0
2016-08-11,61648418.0
2016-08-12,62081640.0
2016-08-13,62228661.0
2016-08-14,62357310.0
2016-08-15,62516443.0
2016-08-16,62899131.0
2016-08-17,63078309.0
2016-08-18,63281891.0
2016-08-19,63464535.0
2016-08-20,63593572.0
2016-08-21,63729457.0
2016-08-22,63889443.0
2016-08-23,64076167.0
2016-08-24,64249024.0
2016-08-25,64697300.0
2016-08-26,65118227.0
2016-08-27,65274968.0
2016-08-28,65419324.0
2016-08-29,65575683.0
2016-08-30,65724690.0
2016-08-31,65867889.0
2016-09-01,66031891.0
2016-09-02,66167381.0
2016-09-03,66287017.0
2016-09-04,66413883.0
2016-09-05,66555430.0
2016-09-06,66722166.0
2016-09-07,66874337.0
2016-09-08,67026206.0
2016-09-09,67339789.0
2016-09-10,67463244.0
2016-09-11,67620420.0
2016-09-12,67774184.0
2016-09-13,68120891.0
2016-09-14,68277742.0
2016-09-15,68442632.0
2016-09-16,68600531.0
2016-09-17,68886808.0
2016-09-18,69021433.0
2016-09-19,69249905.0
2016-09-20,69425436.0
2016-09-21,69606167.0
2016-09-22,69961145.0
2016-09-23,70331917.0
2016-09-24,70482678.0
2016-09-25,70634673.0
2016-09-26,70836125.0
2016-09-27,71161109.0
2016-09-28,71362778.0
2016-09-29,71741112.0
2016-09-30,72088342.0
2016-10-01,72278562.0
2016-10-02,72409082.0
2016-10-03,72693205.0
2016-10-04,73425012.0
2016-10-05,73625531.0
2016-10-06,73999564.0
2016-10-07,74223969.0
2016-10-08,74425911.0
2016-10-09,74592950.0
2016-10-10,74777137.0
2016-10-11,74972230.0
2016-10-12,75352916.0
2016-10-13,75727146.0
2016-10-14,75910379.0
2016-10-15,76075793.0
2016-10-16,76221318.0
2016-10-17,76752850.0
2016-10-18,76929672.0
2016-10-19,77288758.0
2016-10-20,77519043.0
2016-10-21,78301130.0
2016-10-22,78657163.0
2016-10-23,79087481.0
2016-10-24,79616681.0
2016-10-25,79870092.0
2016-10-26,80072230.0
2016-10-27,80293905.0
2016-10-28,80477840.0
2016-10-29,80640935.0
2016-10-30,80807143.0
2016-10-31,81041619.0
2016-11-01,81251330.0
2016-11-02,81458830.0
2016-11-03,81900305.0
2016-11-04,82145621.0
2016-11-05,82309966.0
2016-11-06,82468813.0
2016-11-07,83035663.0
2016-11-08,83458667.0
2016-11-09,83641629.0
2016-11-10,84176794.0
2016-11-11,84769172.0
2016-11-12,84999439.0
2016-11-13,85174746.0
2016-11-14,85440863.0
2016-11-15,85764146.0
2016-11-16,86237450.0
2016-11-17,86425246.0
2016-11-18,87174175.0
2016-11-19,87331018.0
2016-11-20,87504468.0
2016-11-21,87679894.0
2016-11-22,88189382.0
2016-11-23,88598167.0
2016-11-24,88946391.0
2016-11-25,89396343.0
2016-11-26,89548730.0
2016-11-27,89669513.0
2016-11-28,90093590.0
2016-11-29,90225910.0
2016-11-30,90407919.0
2016-12-01,90570382.0
2016-12-02,90718857.0
2016-12-03,90849385.0
2016-12-04,90986950.0
2016-12-05,91135643.0
2016-12-06,91277947.0
2016-12-07,91447920.0
2016-12-08,91634977.0
2016-12-09,91791419.0
2016-12-10,91953574.0
2016-12-11,92081175.0
2016-12-12,92264116.0
2016-12-13,92423200.0
2016-12-14,92609846.0
2016-12-15,93057939.0
2016-12-16,93447843.0
2016-12-17,93575316.0
2016-12-18,93688556.0
2016-12-19,93852779.0
2016-12-20,94030062.0
2016-12-21,94220768.0
2016-12-22,94640316.0
2016-12-23,95048915.0
2016-12-24,95176248.0
2016-12-25,95290113.0
2016-12-26,95421972.0
2016-12-27,95587627.0
2016-12-28,95776967.0
2016-12-29,95944970.0
2016-12-30,96554940.0
2016-12-31,96698598.0
2017-01-01,96880229.0
2017-01-02,97095330.0
2017-01-03,97303524.0
2017-01-04,97944309.0
2017-01-05,98554762.0
2017-01-06,98930318.0
2017-01-07,99530636.0
2017-01-08,99767316.0
2017-01-09,100080578.0
2017-01-10,100842281.0
2017-01-11,101118949.0
2017-01-12,101419024.0
2017-01-13,101897585.0
2017-01-14,102087739.0
2017-01-15,102268562.0
2017-01-16,102514486.0
2017-01-17,102739202.0
2017-01-18,103036395.0
2017-01-19,103307973.0
2017-01-20,103797275.0
2017-01-21,104200112.0
2017-01-22,104360804.0
2017-01-23,104588503.0
2017-01-24,105089353.0
2017-01-25,105917992.0
2017-01-26,106386438.0
2017-01-27,107325079.0
2017-01-28,107481479.0
2017-01-29,107639422.0
2017-01-30,108154364.0
2017-01-31,108422466.0
2017-02-01,109069885.0
2017-02-02,109778664.0
2017-02-03,110079289.0
2017-02-04,110311488.0
2017-02-05,110488441.0
2017-02-06,110722529.0
2017-02-07,111389716.0
2017-02-08,111689630.0
2017-02-09,111968406.0
2017-02-10,112243381.0
2017-02-11,112433164.0
2017-02-12,112611165.0
2017-02-13,112866513.0
2017-02-14,113152350.0
2017-02-15,113506805.0
2017-02-16,113804644.0
2017-02-17,114637741.0
2017-02-18,114980320.0
2017-02-19,115452519.0
2017-02-20,116251556.0
2017-02-21,116910198.0
2017-02-22,117592569.0
2017-02-23,117983542.0
2017-02-24,118296649.0
2017-02-25,118563210.0
2017-02-26,118853712.0
2017-02-27,119234110.0
2017-02-28,119839563.0
2017-03-01,120145735.0
2017-03-02,121333021.0
2017-03-03,122174636.0
2017-03-04,122695219.0
2017-03-05,122904351.0
2017-03-06,123251048.0
2017-03-07,124777482.0
2017-03-08,125680899.0
2017-03-09,126306322.0
2017-03-10,126639955.0
2017-03-11,127952214.0
2017-03-12,128173460.0
2017-03-13,128483597.0
2017-03-14,128923094.0
2017-03-15,129229173.0
2017-03-16,129536081.0
2017-03-17,129888950.0
2017-03-18,130138148.0
2017-03-19,130403354.0
2017-03-20,130765646.0
2017-03-21,131149781.0
2017-03-22,131560005.0
2017-03-23,131960248.0
2017-03-24,132301411.0
2017-03-25,132597358.0
2017-03-26,132882571.0
2017-03-27,133270404.0
2017-03-28,133664758.0
2017-03-29,134036895.0
2017-03-30,134707666.0
2017-03-31,135059173.0
2017-04-01,135365502.0
2017-04-02,135663211.0
2017-04-03,136011409.0
2017-04-04,136361623.0
2017-04-05,136754048.0
2017-04-06,137144942.0
2017-04-07,137480323.0
2017-04-08,137836274.0
2017-04-09,138132366.0
2017-04-10,138496673.0
2017-04-11,138873376.0
2017-04-12,139286599.0
2017-04-13,139633442.0
2017-04-14,140272913.0
2017-04-15,140953818.0
2017-04-16,141242509.0
2017-04-17,141509997.0
2017-04-18,141875384.0
2017-04-19,142267716.0
2017-04-20,142621432.0
2017-04-21,143024176.0
2017-04-22,143291718.0
2017-04-23,143528412.0
2017-04-24,144204628.0
2017-04-25,144594476.0
2017-04-26,144991852.0
2017-04-27,145424996.0
2017-04-28,145812947.0
2017-04-29,146090865.0
2017-04-30,146425055.0
2017-05-01,146720874.0
2017-05-02,147108668.0
2017-05-03,147509143.0
2017-05-04,147884764.0
2017-05-05,148234310.0
2017-05-06,148483057.0
2017-05-07,148754978.0
2017-05-08,149109307.0
2017-05-09,149496662.0
2017-05-10,149900884.0
2017-05-11,150349301.0
2017-05-12,150722193.0
2017-05-13,151005487.0
2017-05-14,151287026.0
2017-05-15,151655544.0
2017-05-16,152039076.0
2017-05-17,152525352.0
2017-05-18,153257906.0
2017-05-19,153698991.0
2017-05-20,154030308.0
2017-05-21,154319737.0
2017-05-22,154701556.0
2017-05-23,155379282.0
2017-05-24,155754188.0
2017-05-25,157643429.0
2017-05-26,158047207.0
2017-05-27,158373753.0
2017-05-28,159291213.0
2017-05-29,159650487.0
2017-05-30,160012745.0
2017-05-31,160412174.0
2017-06-01,160837669.0
2017-06-02,161229396.0
2017-06-03,161547121.0
2017-06-04,161859549.0
2017-06-05,162224260.0
2017-06-06,162893406.0
2017-06-07,163337043.0
2017-06-08,163933170.0
2017-06-09,164695001.0
2017-06-10,165186200.0
2017-06-11,165481976.0
2017-06-12,166018045.0
2017-06-13,166451307.0
2017-06-14,166937977.0
2017-06-15,167864995.0
2017-06-16,168353059.0
2017-06-17,168731864.0
2017-06-18,169074324.0
2017-06-19,169535021.0
2017-06-20,170016364.0
2017-06-21,170466699.0
2017-06-22,171328034.0
2017-06-23,171994817.0
2017-06-24,172452473.0
2017-06-25,172787662.0
2017-06-26,173179540.0
2017-06-27,174022556.0
2017-06-28,174849168.0
2017-06-29,175286360.0
2017-06-30,175685634.0
2017-07-01,176043063.0
2017-07-02,176329779.0
2017-07-03,176734036.0
2017-07-04,177203639.0
2017-07-05,177604087.0
2017-07-06,178057455.0
2017-07-07,178866827.0
2017-07-08,179203960.0
2017-07-09,179518342.0
2017-07-10,179928006.0
2017-07-11,180858645.0
2017-07-12,181717442.0
2017-07-13,182244830.0
2017-07-14,182685974.0
2017-07-15,183001925.0
2017-07-16,183691244.0
2017-07-17,184115573.0
2017-07-18,184641139.0
2017-07-19,185145162.0
2017-07-20,185600265.0
2017-07-21,186192999.0
2017-07-22,186935289.0
2017-07-23,187252454.0
2017-07-24,187783690.0
2017-07-25,188403004.0
2017-07-26,188949873.0
2017-07-27,189474157.0
2017-07-28,189913451.0
2017-07-29,190219988.0
2017-07-30,190995417.0
2017-07-31,191428662.0
2017-08-01,191940700.0
2017-08-02,192439167.0
2017-08-03,192935755.0
2017-08-04,193490563.0
2017-08-05,193881530.0
2017-08-06,194184887.0
2017-08-07,194677537.0
2017-08-08,195209244.0
2017-08-09,195755285.0
2017-08-10,196246431.0
2017-08-11,196732932.0
2017-08-12,197098936.0
2017-08-13,197884542.0
2017-08-14,198291164.0
2017-08-15,198672041.0
2017-08-16,199118632.0
2017-08-17,199575958.0
2017-08-18,200015782.0
2017-08-19,200416972.0
2017-08-20,200734211.0
2017-08-21,201180176.0
2017-08-22,201732573.0
2017-08-23,202183277.0
2017-08-24,202645488.0
2017-08-25,203100398.0
2017-08-26,203409376.0
2017-08-27,204409735.0
2017-08-28,204872857.0
2017-08-29,205458126.0
2017-08-30,206490983.0
2017-08-31,207555747.0
2017-09-01,208133443.0
2017-09-02,208754191.0
2017-09-03,209353103.0
2017-09-04,209843585.0
2017-09-05,210470059.0
2017-09-06,211016470.0
2017-09-07,211555752.0
2017-09-08,211995030.0
2017-09-09,212344924.0
2017-09-10,212744945.0
2017-09-11,213257045.0
2017-09-12,213741301.0
2017-09-13,214288712.0
2017-09-14,214927595.0
2017-09-15,215429645.0
2017-09-16,215841502.0
2017-09-17,216254749.0
2017-09-18,216839538.0
2017-09-19,217344071.0
2017-09-20,217939296.0
2017-09-21,218565786.0
2017-09-22,219227410.0
2017-09-23,219612944.0
2017-09-24,219973192.0
2017-09-25,220475828.0
2017-09-26,220958328.0
2017-09-27,221516221.0
2017-09-28,222043811.0
2017-09-29,222552715.0
2017-09-30,222964077.0
2017-10-01,223326904.0
2017-10-02,223876467.0
2017-10-03,224445552.0
2017-10-04,225015976.0
2017-10-05,225615806.0
2017-10-06,226204333.0
2017-10-07,226652575.0
2017-10-08,227109315.0
2017-10-09,227698639.0
2017-10-10,228312274.0
2017-10-11,229036757.0
2017-10-12,229752683.0
2017-10-13,230890487.0
2017-10-14,231885509.0
2017-10-15,232403121.0
2017-10-16,233006287.0
2017-10-17,233662875.0
2017-10-18,234278561.0
2017-10-19,234911268.0
2017-10-20,235567447.0
2017-10-21,236713319.0
2017-10-22,237248337.0
2017-10-23,237986527.0
2017-10-24,239126251.0
2017-10-25,239814975.0
2017-10-26,240591034.0
2017-10-27,241155112.0
2017-10-28,241607690.0
2017-10-29,242057133.0
2017-10-30,242646223.0
2017-10-31,243272467.0
2017-11-01,243818158.0
2017-11-02,244403372.0
2017-11-03,245129966.0
2017-11-04,245646490.0
2017-11-05,246069709.0
2017-11-06,246688847.0
2017-11-07,247419762.0
2017-11-08,248075461.0
2017-11-09,248722546.0
2017-11-10,249305465.0
2017-11-11,249739374.0
2017-11-12,250170841.0
2017-11-13,251275202.0
2017-11-14,251860270.0
2017-11-15,252482470.0
2017-11-16,253071370.0
2017-11-17,253626255.0
2017-11-18,254596694.0
2017-11-19,255101936.0
2017-11-20,255700655.0
2017-11-21,256396052.0
2017-11-22,257042790.0
2017-11-23,257624351.0
2017-11-24,258187366.0
2017-11-25,258651308.0
2017-11-26,259115735.0
2017-11-27,259818219.0
2017-11-28,260502325.0
2017-11-29,261343893.0
2017-11-30,261996637.0
2017-12-01,262601266.0
2017-12-02,263096437.0
2017-12-03,264118667.0
2017-12-04,264718973.0
2017-12-05,265406427.0
2017-12-06,266107614.0
2017-12-07,266751809.0
2017-12-08,267379608.0
2017-12-09,267772934.0
2017-12-10,268190355.0
2017-12-11,268774716.0
2017-12-12,269433790.0
2017-12-13,270071304.0
2017-12-14,270738682.0
2017-12-15,271374242.0
2017-12-16,271834604.0
2017-12-17,272247783.0
2017-12-18,272942926.0
2017-12-19,273734270.0
2017-12-20,274358786.0
2017-12-21,275021403.0
2017-12-22,275651185.0
2017-12-23,276080774.0
2017-12-24,276470013.0
2017-12-25,276950919.0
2017-12-26,277525244.0
2017-12-27,278071203.0
2017-12-28,278683407.0
2017-12-29,279226006.0
2017-12-30,279600521.0
2017-12-31,280006087.0
2018-01-01,280353570.0
2018-01-02,280937430.0
2018-01-03,281608505.0
2018-01-04,282286410.0
2018-01-05,283044791.0
2018-01-06,283583013.0
2018-01-07,284120044.0
2018-01-08,284852774.0
2018-01-09,285608447.0
2018-01-10,286349685.0
2018-01-11,287116082.0
2018-01-12,287825612.0
2018-01-13,288339984.0
2018-01-14,288818222.0
2018-01-15,289530669.0
2018-01-16,290162387.0
2018-01-17,290860087.0
2018-01-18,291581442.0
2018-01-19,292219482.0
2018-01-20,292746478.0
2018-01-21,293238789.0
2018-01-22,293907070.0
2018-01-23,294690110.0
2018-01-24,295498399.0
2018-01-25,296399892.0
2018-01-26,297222018.0
2018-01-27,297807496.0
2018-01-28,298392713.0
2018-01-29,299267451.0
2018-01-30,300128066.0
2018-01-31,301137685.0
2018-02-01,302015757.0
2018-02-02,302808641.0
2018-02-03,303360763.0
2018-02-04,303884190.0
2018-02-05,304641896.0
2018-02-06,305365686.0
2018-02-07,306190757.0
2018-02-08,306967633.0
2018-02-09,307736197.0
2018-02-10,308311498.0
2018-02-11,308843628.0
2018-02-12,309657043.0
2018-02-13,310538611.0
2018-02-14,311427545.0
2018-02-15,312299025.0
2018-02-16,313193468.0
2018-02-17,313780752.0
2018-02-18,314334453.0
2018-02-19,315068048.0
2018-02-20,315919277.0
2018-02-21,316693258.0
2018-02-22,317490800.0
2018-02-23,318313204.0
2018-02-24,318887682.0
2018-02-25,319473375.0
2018-02-26,320244757.0
2018-02-27,321091250.0
2018-02-28,321986166.0
2018-03-01,322880529.0
2018-03-02,323690136.0
2018-03-03,324314321.0
2018-03-04,324899454.0
2018-03-05,325780684.0
2018-03-06,326747169.0
2018-03-07,327798058.0
2018-03-08,328668005.0
2018-03-09,329557809.0
2018-03-10,330206432.0
2018-03-11,330775002.0
2018-03-12,331648880.0
2018-03-13,332659522.0
2018-03-14,333653705.0
2018-03-15,334572036.0
2018-03-16,335468437.0
2018-03-17,336066458.0
2018-03-18,336613216.0
2018-03-19,337487143.0
2018-03-20,338447885.0
2018-03-21,339293915.0
2018-03-22,340182380.0
2018-03-23,341061616.0
2018-03-24,341682921.0
2018-03-25,342253161.0
2018-03-26,343041550.0
2018-03-27,343951294.0
2018-03-28,344827792.0
2018-03-29,345763609.0
2018-03-30,346606697.0
2018-03-31,347220722.0
2018-04-01,347756690.0
2018-04-02,348531614.0
2018-04-03,349460620.0
2018-04-04,350387040.0
2018-04-05,351408270.0
2018-04-06,352259480.0
2018-04-07,352888865.0
2018-04-08,353605902.0
2018-04-09,354501662.0
2018-04-10,355554998.0
2018-04-11,356593476.0
2018-04-12,357555845.0
2018-04-13,358509487.0
2018-04-14,359187446.0
2018-04-15,359924408.0
2018-04-16,360941913.0
2018-04-17,361969215.0
2018-04-18,362988296.0
2018-04-19,363926592.0
2018-04-20,364920938.0
2018-04-21,365518321.0
2018-04-22,366120934.0
2018-04-23,367095608.0
2018-04-24,368151410.0
2018-04-25,369209300.0
2018-04-26,370199238.0
2018-04-27,371221900.0
2018-04-28,371885632.0
2018-04-29,372536488.0
2018-04-30,373471347.0
2018-05-01,374463409.0
2018-05-02,375620099.0
2018-05-03,376708441.0
2018-05-04,377877679.0
2018-05-05,378539322.0
2018-05-06,379135856.0
2018-05-07,380248335.0
2018-05-08,381262751.0
2018-05-09,382427484.0
2018-05-10,383597461.0
2018-05-11,384699187.0
2018-05-12,385527169.0
2018-05-13,386235554.0
2018-05-14,387402383.0
2018-05-15,388603926.0
2018-05-16,389843661.0
2018-05-17,391037335.0
2018-05-18,392172604.0
2018-05-19,392899953.0
2018-05-20,393570429.0
2018-05-21,394687038.0
2018-05-22,395863340.0
2018-05-23,397051747.0
2018-05-24,398210148.0
2018-05-25,399277294.0
2018-05-26,400066609.0
2018-05-27,400852671.0
2018-05-28,401888050.0
2018-05-29,403263725.0
2018-05-30,404709342.0
2018-05-31,405893044.0
2018-06-01,407033398.0
2018-06-02,407724678.0
2018-06-03,408442701.0
2018-06-04,409641742.0
2018-06-05,410956385.0
2018-06-06,412198200.0
2018-06-07,413468641.0
2018-06-08,414676340.0
2018-06-09,415337358.0
2018-06-10,416044744.0
2018-06-11,417101196.0
2018-06-12,418543186.0
2018-06-13,419591860.0
2018-06-14,420674086.0
2018-06-15,421896565.0
2018-06-16,422564762.0
2018-06-17,423180980.0
2018-06-18,424299400.0
2018-06-19,425527036.0
2018-06-20,426736329.0
2018-06-21,427968354.0
2018-06-22,429119858.0
2018-06-23,429876860.0
2018-06-24,430471843.0
2018-06-25,432033475.0
2018-06-26,433471849.0
2018-06-27,434730520.0
2018-06-28,436034106.0
2018-06-29,437352135.0
2018-06-30,438304347.0
2018-07-01,439009556.0
2018-07-02,440229233.0
2018-07-03,441379886.0
2018-07-04,442484567.0
2018-07-05,443741505.0
2018-07-06,444947149.0
2018-07-07,445686497.0
2018-07-08,446296347.0
2018-07-09,447482505.0
2018-07-10,448829787.0
2018-07-11,450261456.0
2018-07-12,451571603.0
2018-07-13,452816099.0
2018-07-14,453605097.0
2018-07-15,454316095.0
2018-07-16,455696526.0
2018-07-17,457104296.0
2018-07-18,458528137.0
2018-07-19,459908872.0
2018-07-20,461239994.0
2018-07-21,462009625.0
2018-07-22,462820304.0
2018-07-23,464057339.0
2018-07-24,465302831.0
2018-07-25,466464101.0
2018-07-26,467569091.0
2018-07-27,469035806.0
2018-07-28,469850274.0
2018-07-29,470575975.0
2018-07-30,471913083.0
2018-07-31,473333042.0
2018-08-01,474737052.0
2018-08-02,476138614.0
2018-08-03,477555176.0
2018-08-04,478805491.0
2018-08-05,479689849.0
2018-08-06,481024921.0
2018-08-07,482403618.0
2018-08-08,483746544.0
2018-08-09,485397929.0
2018-08-10,486984294.0
2018-08-11,487690027.0
2018-08-12,488367143.0
2018-08-13,489703508.0
2018-08-14,491040761.0
2018-08-15,492289399.0
2018-08-16,493576537.0
2018-08-17,494745111.0
2018-08-18,495452365.0
2018-08-19,496203737.0
2018-08-20,497407433.0
2018-08-21,498729497.0
2018-08-22,500089558.0
2018-08-23,501358056.0
2018-08-24,502640588.0
2018-08-25,503493452.0
2018-08-26,504253347.0
2018-08-27,505687915.0
2018-08-28,507151351.0
2018-08-29,508517362.0
2018-08-30,509907211.0
2018-08-31,511258550.0
2018-09-01,512246690.0
2018-09-02,512997241.0
2018-09-03,514178444.0
2018-09-04,515615707.0
2018-09-05,517065372.0
2018-09-06,518560629.0
2018-09-07,520029442.0
2018-09-08,520850129.0
2018-09-09,521842623.0
2018-09-10,523385680.0
2018-09-11,524944804.0
2018-09-12,526417239.0
2018-09-13,527929789.0
2018-09-14,529469364.0
2018-09-15,530466708.0
2018-09-16,531226008.0
2018-09-17,532775823.0
2018-09-18,534371882.0
2018-09-19,536018713.0
2018-09-20,537519429.0
2018-09-21,538948918.0
2018-09-22,539821673.0
2018-09-23,540714834.0
2018-09-24,542079752.0
2018-09-25,543555676.0
2018-09-26,545283855.0
2018-09-27,546826654.0
2018-09-28,548386511.0
2018-09-29,549378382.0
2018-09-30,550345467.0
2018-10-01,551921099.0
2018-10-02,553617294.0
2018-10-03,555280686.0
2018-10-04,556935544.0
2018-10-05,558584517.0
2018-10-06,559534162.0
2018-10-07,560490903.0
2018-10-08,562032533.0
2018-10-09,563687570.0
2018-10-10,565262997.0
2018-10-11,566897646.0
2018-10-12,568507808.0
2018-10-13,569469778.0
2018-10-14,570461433.0
2018-10-15,572247373.0
2018-10-16,574833520.0
2018-10-17,576669053.0
2018-10-18,578402657.0
2018-10-19,579938762.0
2018-10-20,580865755.0
2018-10-21,581750388.0
2018-10-22,583069035.0
2018-10-23,584704563.0
2018-10-24,586464877.0
2018-10-25,588295760.0
2018-10-26,590196939.0
2018-10-27,591327853.0
2018-10-28,592411066.0
2018-10-29,594242463.0
2018-10-30,596042739.0
2018-10-31,597870733.0
2018-11-01,599779670.0
2018-11-02,601838813.0
2018-11-03,603116070.0
2018-11-04,604172069.0
2018-11-05,605912579.0
2018-11-06,607762222.0
2018-11-07,609731468.0
2018-11-08,611550131.0
2018-11-09,613447841.0
2018-11-10,614583172.0
2018-11-11,615705691.0
2018-11-12,617536909.0
2018-11-13,619506372.0
2018-11-14,621646046.0
2018-11-15,623891930.0
2018-11-16,625696051.0
2018-11-17,626825331.0
2018-11-18,627908717.0
2018-11-19,629653987.0
2018-11-20,631497574.0
2018-11-21,633424792.0
2018-11-22,635232012.0
2018-11-23,636625750.0
2018-11-24,637603460.0
2018-11-25,638603305.0
2018-11-26,640523474.0
2018-11-27,642490607.0
2018-11-28,644293629.0
2018-11-29,646548181.0
2018-11-30,648451336.0
2018-12-01,649745055.0
2018-12-02,650978806.0
2018-12-03,652911335.0
2018-12-04,655197382.0
2018-12-05,657176665.0
2018-12-06,659185209.0
2018-12-07,661438240.0
2018-12-08,662718852.0
2018-12-09,664043964.0
2018-12-10,666268993.0
2018-12-11,668632067.0
2018-12-12,670993937.0
2018-12-13,673214479.0
2018-12-14,675351366.0
2018-12-15,676636939.0
2018-12-16,677662711.0
2018-12-17,679853752.0
2018-12-18,682117887.0
2018-12-19,684244160.0
2018-12-20,686129512.0
2018-12-21,688026312.0
2018-12-22,689254858.0
2018-12-23,690700249.0
2018-12-24,692354810.0
2018-12-25,693338970.0
2018-12-26,694574115.0
2018-12-27,696123027.0
2018-12-28,697807618.0
2018-12-29,699037673.0
2018-12-30,700161495.0
2018-12-31,701454890.0
2019-01-01,702528966.0
2019-01-02,704290682.0
2019-01-03,706362507.0
2019-01-04,708431129.0
2019-01-05,709834251.0
2019-01-06,711060627.0
2019-01-07,713153423.0
2019-01-08,715387455.0
2019-01-09,717721374.0
2019-01-10,719632822.0
2019-01-11,721744674.0
2019-01-12,723291243.0
2019-01-13,724639394.0
2019-01-14,726883123.0
2019-01-15,729415821.0
2019-01-16,731866145.0
2019-01-17,734157856.0
2019-01-18,736460650.0
2019-01-19,737980785.0
2019-01-20,739298057.0
2019-01-21,741619965.0
2019-01-22,744040481.0
2019-01-23,746570817.0
2019-01-24,748945031.0
2019-01-25,751121289.0
2019-01-26,752536573.0
2019-01-27,753897741.0
2019-01-28,756219103.0
2019-01-29,758555748.0
2019-01-30,760794843.0
2019-01-31,763167466.0
2019-02-01,765524447.0
2019-02-02,766896797.0
2019-02-03,768347301.0
2019-02-04,770754144.0
2019-02-05,773261057.0
2019-02-06,775671062.0
2019-02-07,778262207.0
2019-02-08,780744488.0
2019-02-09,782273695.0
2019-02-10,783711711.0
2019-02-11,786511891.0
2019-02-12,789415563.0
2019-02-13,792128339.0
2019-02-14,794736519.0
2019-02-15,797469006.0
2019-02-16,798914293.0
2019-02-17,800184445.0
2019-02-18,802615008.0
2019-02-19,805547140.0
2019-02-20,808213961.0
2019-02-21,810910469.0
2019-02-22,813496308.0
2019-02-23,814922158.0
2019-02-24,816444565.0
2019-02-25,819247993.0
2019-02-26,822202909.0
2019-02-27,825135990.0
2019-02-28,827887422.0
2019-03-01,831014011.0
2019-03-02,832612213.0
2019-03-03,834221376.0
2019-03-04,837264271.0
2019-03-05,840331731.0
2019-03-06,843107022.0
2019-03-07,845949031.0
2019-03-08,848647521.0
2019-03-09,850198380.0
2019-03-10,851816809.0
2019-03-11,854813720.0
2019-03-12,858024530.0
2019-03-13,861083152.0
2019-03-14,863898594.0
2019-03-15,866730437.0
2019-03-16,868233548.0
2019-03-17,869631802.0
2019-03-18,872584133.0
2019-03-19,875830713.0
2019-03-20,878704759.0
2019-03-21,881647820.0
2019-03-22,884205793.0
2019-03-23,885539048.0
2019-03-24,886904721.0
2019-03-25,889547683.0
2019-03-26,893295527.0
2019-03-27,896123845.0
2019-03-28,899005010.0
2019-03-29,901567255.0
2019-03-30,902905265.0
2019-03-31,904388937.0
2019-04-01,907198324.0
2019-04-02,910203383.0
2019-04-03,913674732.0
2019-04-04,917445636.0
2019-04-05,920372502.0
2019-04-06,921993776.0
2019-04-07,923664288.0
2019-04-08,926804790.0
2019-04-09,930987907.0
2019-04-10,934366337.0
2019-04-11,938017795.0
2019-04-12,941056931.0
2019-04-13,942738545.0
2019-04-14,944281259.0
2019-04-15,947516675.0
2019-04-16,950910602.0
2019-04-17,954276025.0
2019-04-18,957205837.0
2019-04-19,959555419.0
2019-04-20,961227923.0
2019-04-21,962478448.0
2019-04-22,965954551.0
2019-04-23,970179241.0
2019-04-24,973441665.0
2019-04-25,976670508.0
2019-04-26,979352810.0
2019-04-27,980868588.0
2019-04-28,982467399.0
2019-04-29,985293009.0
2019-04-30,988288943.0
2019-05-01,991900317.0
2019-05-02,995426525.0
2019-05-03,998655344.0
2019-05-04,1000212354.0
2019-05-05,1001710935.0
2019-05-06,1004596779.0
2019-05-07,1007703174.0
2019-05-08,1010592889.0
2019-05-09,1014099121.0
2019-05-10,1017173124.0
2019-05-11,1018730570.0
2019-05-12,1020148073.0
2019-05-13,1023194905.0
2019-05-14,1027397980.0
2019-05-15,1032154284.0
2019-05-16,1035499784.0
2019-05-17,1038867765.0
2019-05-18,1040461368.0
2019-05-19,1042036940.0
2019-05-20,1046112807.0
2019-05-21,1049764020.0
2019-05-22,1053667523.0
2019-05-23,1058316406.0
2019-05-24,1061563992.0
2019-05-25,1063666929.0
2019-05-26,1065560859.0
2019-05-27,1069643098.0
2019-05-28,1073433761.0
2019-05-29,1078682936.0
2019-05-30,1082312643.0
2019-05-31,1086268429.0
2019-06-01,1088050821.0
2019-06-02,1089929302.0
2019-06-03,1095094957.0
2019-06-04,1099558165.0
2019-06-05,1103268061.0
2019-06-06,1107388050.0
2019-06-07,1111095410.0
2019-06-08,1113095215.0
2019-06-09,1114933630.0
2019-06-10,1119156380.0
2019-06-11,1123667420.0
2019-06-12,1127453938.0
2019-06-13,1134150409.0
2019-06-14,1138514142.0
2019-06-15,1140357615.0
2019-06-16,1142234611.0
2019-06-17,1146768146.0
2019-06-18,1151261458.0
2019-06-19,1155186367.0
2019-06-20,1158924898.0
2019-06-21,1162956394.0
2019-06-22,1165083695.0
2019-06-23,1167107616.0
2019-06-24,1170924063.0
2019-06-25,1175204115.0
2019-06-26,1179307021.0
2019-06-27,1184154017.0
2019-06-28,1187717038.0
2019-06-29,1189464206.0
2019-06-30,1191166607.0
2019-07-01,1195111292.0
2019-07-02,1199253105.0
2019-07-03,1202936209.0
2019-07-04,1205919724.0
2019-07-05,1208957891.0
2019-07-06,1211364952.0
2019-07-07,1213038696.0
2019-07-08,1216637112.0
2019-07-09,1220570113.0
2019-07-10,1224288925.0
2019-07-11,1228109146.0
2019-07-12,1231999818.0
2019-07-13,1233605426.0
2019-07-14,1235412004.0
2019-07-15,1238948090.0
2019-07-16,1242776642.0
2019-07-17,1246786872.0
2019-07-18,1250723274.0
2019-07-19,1254381636.0
2019-07-20,1256101946.0
2019-07-21,1257811236.0
2019-07-22,1261796461.0
2019-07-23,1265664922.0
2019-07-24,1269886474.0
2019-07-25,1273819218.0
2019-07-26,1277496468.0
2019-07-27,1279392095.0
2019-07-28,1281238673.0
2019-07-29,1285492747.0
2019-07-30,1289754268.0
2019-07-31,1293916393.0
2019-08-01,1298095267.0
2019-08-02,1301867645.0
2019-08-03,1303801678.0
2019-08-04,1305454071.0
2019-08-05,1309754353.0
2019-08-06,1313970529.0
2019-08-07,1318496793.0
2019-08-08,1322913163.0
2019-08-09,1327248596.0
2019-08-10,1329221436.0
2019-08-11,1331182002.0
2019-08-12,1335434592.0
2019-08-13,1340044191.0
2019-08-14,1345042194.0
2019-08-15,1349429579.0
2019-08-16,1353687740.0
2019-08-17,1355690894.0
2019-08-18,1357697567.0
2019-08-19,1361986087.0
2019-08-20,1366633910.0
2019-08-21,1371251787.0
2019-08-22,1375328007.0
2019-08-23,1379206935.0
2019-08-24,1381614201.0
2019-08-25,1383688382.0
2019-08-26,1388995994.0
2019-08-27,1393412051.0
2019-08-28,1397841541.0
2019-08-29,1402305139.0
2019-08-30,1406331798.0
2019-08-31,1408453582.0
2019-09-01,1410563452.0
2019-09-02,1414200770.0
2019-09-03,1418821158.0
2019-09-04,1423749363.0
2019-09-05,1428665751.0
2019-09-06,1433390605.0
2019-09-07,1435698938.0
2019-09-08,1437996213.0
2019-09-09,1442846764.0
2019-09-10,1447657354.0
2019-09-11,1452396772.0
2019-09-12,1456975957.0
2019-09-13,1461152439.0
2019-09-14,1463334995.0
2019-09-15,1465172989.0
2019-09-16,1469711185.0
2019-09-17,1474879820.0
2019-09-18,1480220674.0
2019-09-19,1485585026.0
2019-09-20,1490328108.0
2019-09-21,1492803775.0
2019-09-22,1495629692.0
2019-09-23,1500004278.0
2019-09-24,1505050504.0
2019-09-25,1510308289.0
2019-09-26,1515766593.0
2019-09-27,1520733923.0
2019-09-28,1523264890.0
2019-09-29,1525535097.0
2019-09-30,1530646650.0
2019-10-01,1536110719.0
2019-10-02,1541498425.0
2019-10-03,1546732910.0
2019-10-04,1552364948.0
2019-10-05,1555556617.0
2019-10-06,1558161633.0
2019-10-07,1563557519.0
2019-10-08,1569303629.0
2019-10-09,1574847994.0
2019-10-10,1580308208.0
2019-10-11,1585444734.0
2019-10-12,1588102825.0
2019-10-13,1590548524.0
2019-10-14,1595452464.0
2019-10-15,1601285709.0
2019-10-16,1607230811.0
2019-10-17,1612726893.0
2019-10-18,1618380482.0
2019-10-19,1621315467.0
2019-10-20,1623684580.0
2019-10-21,1629266298.0
2019-10-22,1635269763.0
2019-10-23,1641214392.0
2019-10-24,1647277344.0
2019-10-25,1652911968.0
2019-10-26,1655443769.0
2019-10-27,1658352417.0
2019-10-28,1665230938.0
2019-10-29,1671376436.0
2019-10-30,1676813363.0
2019-10-31,1682747495.0
2019-11-01,1687659623.0
2019-11-02,1690115453.0
2019-11-03,1692608332.0
2019-11-04,1698135865.0
2019-11-05,1704214621.0
2019-11-06,1710630877.0
2019-11-07,1717493182.0
2019-11-08,1723646206.0
2019-11-09,1726704910.0
2019-11-10,1729443968.0
2019-11-11,1735057440.0
2019-11-12,1741219099.0
2019-11-13,1747444527.0
2019-11-14,1753698662.0
2019-11-15,1759591567.0
2019-11-16,1762613817.0
2019-11-17,1765325090.0
2019-11-18,1771217371.0
2019-11-19,1777827757.0
2019-11-20,1784764479.0
2019-11-21,1791383241.0
2019-11-22,1797905333.0
2019-11-23,1800996265.0
2019-11-24,1803786594.0
2019-11-25,1811111036.0
2019-11-26,1817901136.0
2019-11-27,1824576109.0
2019-11-28,1829827387.0
2019-11-29,1834165029.0
2019-11-30,1836866004.0
2019-12-01,1839961933.0
2019-12-02,1846909374.0
2019-12-03,1853858407.0
2019-12-04,1860782186.0
2019-12-05,1867654782.0
2019-12-06,1874530185.0
2019-12-07,1877799049.0
2019-12-08,1880595642.0
2019-12-09,1887447422.0
2019-12-10,1894446738.0
2019-12-11,1901724239.0
2019-12-12,1909754390.0
2019-12-13,1917063613.0
2019-12-14,1920214602.0
2019-12-15,1923284269.0
2019-12-16,1930485896.0
2019-12-17,1937030409.0
2019-12-18,1943504491.0
2019-12-19,1950099109.0
2019-12-20,1956640251.0
2019-12-21,1959522676.0
2019-12-22,1962364018.0
2019-12-23,1967123398.0
2019-12-24,1970513450.0
2019-12-25,1972902198.0
2019-12-26,1976156790.0
2019-12-27,1979644335.0
2019-12-28,1982344410.0
2019-12-29,1985283312.0
2019-12-30,1990025542.0
2019-12-31,1993728382.0
2020-01-01,1996341560.0
2020-01-02,2001541372.0
2020-01-03,2006730240.0
2020-01-04,2009665460.0
2020-01-05,2012525680.0
2020-01-06,2018230985.0
2020-01-07,2025118126.0
2020-01-08,2032673456.0
2020-01-09,2040089182.0
2020-01-10,2047385985.0
2020-01-11,2050897065.0
2020-01-12,2054303992.0
2020-01-13,2062208704.0
2020-01-14,2070405128.0
2020-01-15,2078083314.0
2020-01-16,2085405054.0
2020-01-17,2091942604.0
2020-01-18,2095357207.0
2020-01-19,2098385481.0
2020-01-20,2105372368.0
2020-01-21,2113600434.0
2020-01-22,2121228034.0
2020-01-23,2128966083.0
2020-01-24,2135997244.0
2020-01-25,2139490633.0
2020-01-26,2142910126.0
2020-01-27,2149587189.0
2020-01-28,2157129902.0
2020-01-29,2164987702.0
2020-01-30,2172770515.0
2020-01-31,2179666319.0
2020-02-01,2183291880.0
2020-02-02,2186327046.0
2020-02-03,2193307632.0
2020-02-04,2200797219.0
2020-02-05,2208450634.0
2020-02-06,2215761015.0
2020-02-07,2222961367.0
2020-02-08,2226221303.0
2020-02-09,2229630015.0
2020-02-10,2236942522.0
2020-02-11,2243960756.0
2020-02-12,2251133969.0
2020-02-13,2258398205.0
2020-02-14,2265400850.0
2020-02-15,2268569983.0
2020-02-16,2271805284.0
2020-02-17,2277916984.0
2020-02-18,2284864160.0
2020-02-19,2292383767.0
2020-02-20,2299309511.0
2020-02-21,2306081155.0
2020-02-22,2309356187.0
2020-02-23,2312300802.0
2020-02-24,2319295624.0
2020-02-25,2326809007.0
2020-02-26,2334078122.0
2020-02-27,2341612969.0
2020-02-28,2349184307.0
2020-02-29,2352660893.0
2020-03-01,2356249363.0
2020-03-02,2363316630.0
2020-03-03,2370796299.0
2020-03-04,2378196167.0
2020-03-05,2385898906.0
2020-03-06,2393030352.0
2020-03-07,2396410340.0
2020-03-08,2399491014.0
2020-03-09,2407185933.0
2020-03-10,2414952041.0
2020-03-11,2422376714.0
2020-03-12,2429944386.0
2020-03-13,2436910340.0
2020-03-14,2440568896.0
2020-03-15,2443909450.0
2020-03-16,2450870817.0
2020-03-17,2458828559.0
2020-03-18,2466495226.0
2020-03-19,2474441671.0
2020-03-20,2481290304.0
2020-03-21,2485206109.0
2020-03-22,2489033317.0
2020-03-23,2497258061.0
2020-03-24,2505301429.0
2020-03-25,2513155263.0
2020-03-26,2520982852.0
2020-03-27,2528528619.0
2020-03-28,2532589422.0
2020-03-29,2536318236.0
2020-03-30,2544437774.0
2020-03-31,2552379003.0
2020-04-01,2560002652.0
2020-04-02,2567878688.0
2020-04-03,2575269417.0
2020-04-04,2579387120.0
2020-04-05,2583445839.0
2020-04-06,2591679575.0
2020-04-07,2599623684.0
2020-04-08,2607110108.0
2020-04-09,2614954181.0
2020-04-10,2621613915.0
2020-04-11,2626106618.0
2020-04-12,2630184512.0
2020-04-13,2636693678.0
2020-04-14,2644725104.0
2020-04-15,2652558529.0
2020-04-16,2661238635.0
2020-04-17,2669540054.0
2020-04-18,2674131780.0
2020-04-19,2678609308.0
2020-04-20,2686951440.0
2020-04-21,2695265136.0
2020-04-22,2703956219.0
2020-04-23,2712221132.0
2020-04-24,2720934747.0
2020-04-25,2725010075.0
2020-04-26,2729784023.0
2020-04-27,2738196506.0
2020-04-28,2746922637.0
2020-04-29,2756111119.0
2020-04-30,2764809671.0
2020-05-01,2772192521.0
2020-05-02,2776609271.0
2020-05-03,2781280864.0
2020-05-04,2789818561.0
2020-05-05,2798333660.0
2020-05-06,2807064916.0
2020-05-07,2816175953.0
2020-05-08,2823540436.0
2020-05-09,2827824612.0
2020-05-10,2832777942.0
2020-05-11,2842496744.0
2020-05-12,2851963643.0
2020-05-13,2861474154.0
2020-05-14,2870803075.0
2020-05-15,2879638192.0
2020-05-16,2884823457.0
2020-05-17,2890021018.0
2020-05-18,2899149379.0
2020-05-19,2908160348.0
2020-05-20,2917349387.0
2020-05-21,2925539385.0
2020-05-22,2933235770.0
2020-05-23,2937974993.0
2020-05-24,2942763629.0
2020-05-25,2950709429.0
2020-05-26,2960017527.0
2020-05-27,2969027709.0
2020-05-28,2978486432.0
2020-05-29,2987033856.0
2020-05-30,2992148813.0
2020-05-31,2996910320.0
2020-06-01,3006190411.0
2020-06-02,3015721400.0
2020-06-03,3025910215.0
2020-06-04,3035615904.0
2020-06-05,3045281791.0
2020-06-06,3051038871.0
2020-06-07,3056462564.0
2020-06-08,3066954666.0
2020-06-09,3077296945.0
2020-06-10,3088071927.0
2020-06-11,3098114425.0
2020-06-12,3107180394.0
2020-06-13,3112172733.0
2020-06-14,3116689507.0
2020-06-15,3127264574.0
2020-06-16,3136824825.0
2020-06-17,3146494445.0
2020-06-18,3156594713.0
2020-06-19,3165644474.0
2020-06-20,3170329265.0
2020-06-21,3174797031.0
2020-06-22,3184888311.0
2020-06-23,3194696494.0
2020-06-24,3204343375.0
2020-06-25,3214052972.0
2020-06-26,3222325925.0
2020-06-27,3227231045.0
2020-06-28,3232649811.0
2020-06-29,3241822444.0
2020-06-30,3252187001.0
2020-07-01,3261728625.0
2020-07-02,3271103831.0
2020-07-03,3279049372.0
2020-07-04,3283676839.0
2020-07-05,3288604182.0
2020-07-06,3298468652.0
2020-07-07,3308623249.0
2020-07-08,3318461605.0
2020-07-09,3328673065.0
2020-07-10,3338085310.0
2020-07-11,3342844305.0
2020-07-12,3348076337.0
2020-07-13,3357336782.0
2020-07-14,3367836365.0
2020-07-15,3377059366.0
2020-07-16,3386959175.0
2020-07-17,3395424827.0
2020-07-18,3399873985.0
2020-07-19,3404698987.0
2020-07-20,3414476207.0
2020-07-21,3424674217.0
2020-07-22,3435352798.0
2020-07-23,3445557869.0
2020-07-24,3454794020.0
2020-07-25,3459364739.0
2020-07-26,3464534472.0
2020-07-27,3475076333.0
2020-07-28,3485556577.0
2020-07-29,3496302689.0
2020-07-30,3506630912.0
2020-07-31,3516884056.0
2020-08-01,3522134070.0
2020-08-02,3527625204.0
2020-08-03,3538502355.0
2020-08-04,3549863701.0
2020-08-05,3560893668.0
2020-08-06,3571711004.0
2020-08-07,3581093613.0
2020-08-08,3585843287.0
2020-08-09,3590722119.0
2020-08-10,3601142212.0
2020-08-11,3612297664.0
2020-08-12,3623410789.0
2020-08-13,3633870104.0
2020-08-14,3643381233.0
2020-08-15,3648488925.0
2020-08-16,3653902129.0
2020-08-17,3664990423.0
2020-08-18,3675733892.0
2020-08-19,3686623427.0
2020-08-20,3696553678.0
2020-08-21,3706770137.0
2020-08-22,3711960995.0
2020-08-23,3716981034.0
2020-08-24,3727438834.0
2020-08-25,3738323165.0
2020-08-26,3749784354.0
2020-08-27,3760394645.0
2020-08-28,3770570720.0
2020-08-29,3775893856.0
2020-08-30,3781553531.0
2020-08-31,3791287212.0
2020-09-01,3802318245.0
2020-09-02,3813305918.0
2020-09-03,3824077452.0
2020-09-04,3833708335.0
2020-09-05,3838452647.0
2020-09-06,3843318919.0
2020-09-07,3852386653.0
2020-09-08,3863384057.0
2020-09-09,3875145622.0
2020-09-10,3886702114.0
2020-09-11,3897411376.0
2020-09-12,3902649191.0
2020-09-13,3907720154.0
2020-09-14,3919627563.0
2020-09-15,3931077784.0
2020-09-16,3942540151.0
2020-09-17,3953912087.0
2020-09-18,3964083929.0
2020-09-19,3969065297.0
2020-09-20,3974132914.0
2020-09-21,3985377585.0
2020-09-22,3996740090.0
2020-09-23,4008016734.0
2020-09-24,4019816891.0
2020-09-25,4030218357.0
2020-09-26,4035517445.0
2020-09-27,4040832598.0
2020-09-28,4052632481.0
2020-09-29,4064499955.0
2020-09-30,4076524425.0
2020-10-01,4089372507.0
2020-10-02,4100701064.0
2020-10-03,4106435512.0
2020-10-04,4112437582.0
2020-10-05,4124122943.0
2020-10-06,4136213618.0
2020-10-07,4148195757.0
2020-10-08,4160795772.0
2020-10-09,4172601733.0
2020-10-10,4178800911.0
2020-10-11,4184352345.0
2020-10-12,4196622775.0
2020-10-13,4209474089.0
2020-10-14,4222085116.0
2020-10-15,4234109910.0
2020-10-16,4245870245.0
2020-10-17,4251655554.0
2020-10-18,4256984078.0
2020-10-19,4269982585.0
2020-10-20,4282387905.0
2020-10-21,4294577470.0
2020-10-22,4306743591.0
2020-10-23,4318695875.0
2020-10-24,4324770606.0
2020-10-25,4331405483.0
2020-10-26,4344942397.0
2020-10-27,4358871395.0
2020-10-28,4372029522.0
2020-10-29,4384441583.0
2020-10-30,4396716686.0
2020-10-31,4402687128.0
2020-11-01,4409192599.0
2020-11-02,4421793100.0
2020-11-03,4435583266.0
2020-11-04,4447387545.0
2020-11-05,4459926078.0
2020-11-06,4471822965.0
2020-11-07,4477916808.0
2020-11-08,4483525714.0
2020-11-09,4496210169.0
2020-11-10,4508928111.0
2020-11-11,4521335499.0
2020-11-12,4534484161.0
2020-11-13,4546267897.0
2020-11-14,4552359097.0
2020-11-15,4558270290.0
2020-11-16,4570904382.0
2020-11-17,4583885113.0
2020-11-18,4597348952.0
2020-11-19,4611420018.0
2020-11-20,4624710507.0
2020-11-21,4631625501.0
2020-11-22,4638561533.0
2020-11-23,4651625606.0
2020-11-24,4665641449.0
2020-11-25,4678103432.0
2020-11-26,4689231305.0
2020-11-27,4699175256.0
2020-11-28,4704951947.0
2020-11-29,4710886620.0
2020-11-30,4724169994.0
2020-12-01,4738245722.0
2020-12-02,4752201448.0
2020-12-03,4766283872.0
2020-12-04,4778848276.0
2020-12-05,4785413034.0
2020-12-06,4791937379.0
2020-12-07,4806037440.0
2020-12-08,4819365707.0
2020-12-09,4833450458.0
2020-12-10,4847444470.0
2020-12-11,4860169445.0
2020-12-12,4866468444.0
2020-12-13,4872367035.0
2020-12-14,4885101422.0
2020-12-15,4899173419.0
2020-12-16,4912320723.0
2020-12-17,4925908022.0
2020-12-18,4938277140.0
2020-12-19,4944752626.0
2020-12-20,4950572227.0
2020-12-21,4962476712.0
2020-12-22,4973933719.0
2020-12-23,4984330676.0
2020-12-24,4991833850.0
2020-12-25,4996554339.0
2020-12-26,5001398741.0
2020-12-27,5007156149.0
2020-12-28,5016362589.0
2020-12-29,5026109279.0
2020-12-30,5035439749.0
2020-12-31,5042691802.0
2021-01-01,5048531303.0
2021-01-02,5054718322.0
2021-01-03,5061549752.0
2021-01-04,5075252749.0
2021-01-05,5089818058.0
2021-01-06,5104642228.0
2021-01-07,5118105956.0
2021-01-08,5131955450.0
2021-01-09,5138983300.0
2021-01-10,5145706595.0
2021-01-11,5162183410.0
2021-01-12,5178914146.0
2021-01-13,5193712876.0
2021-01-14,5209138709.0
2021-01-15,5223310447.0
2021-01-16,5230314682.0
2021-01-17,5237128094.0
2021-01-18,5250451256.0
2021-01-19,5264934070.0
2021-01-20,5280260165.0
2021-01-21,5295030576.0
2021-01-22,5309197534.0
2021-01-23,5316590780.0
2021-01-24,5323459990.0
2021-01-25,5340683778.0
2021-01-26,5356960705.0
2021-01-27,5372790268.0
2021-01-28,5388373969.0
2021-01-29,5404212180.0
2021-01-30,5411708008.0
2021-01-31,5418754254.0
2021-02-01,5435489122.0
2021-02-02,5452427861.0
2021-02-03,5468783796.0
2021-02-04,5485329060.0
2021-02-05,5501250780.0
2021-02-06,5508813809.0
2021-02-07,5516119643.0
2021-02-08,5532290395.0
2021-02-09,5549261189.0
2021-02-10,5566098590.0
2021-02-11,5582977716.0
2021-02-12,5599708685.0
2021-02-13,5607856879.0
2021-02-14,5615283014.0
2021-02-15,5630422253.0
2021-02-16,5647886146.0
2021-02-17,5666100027.0
2021-02-18,5684582297.0
2021-02-19,5702883395.0
2021-02-20,5711961980.0
2021-02-21,5719841761.0
2021-02-22,5737835853.0
2021-02-23,5756147491.0
2021-02-24,5773859763.0
2021-02-25,5792078857.0
2021-02-26,5809195946.0
2021-02-27,5817715245.0
2021-02-28,5826211251.0
2021-03-01,5844019540.0
2021-03-02,5862581070.0
2021-03-03,5881094559.0
2021-03-04,5899313679.0
2021-03-05,5916092291.0
2021-03-06,5924116351.0
2021-03-07,5931573831.0
2021-03-08,5948298626.0
2021-03-09,5966761297.0
2021-03-10,5986187729.0
2021-03-11,6004000104.0
2021-03-12,6022124838.0
2021-03-13,6030911225.0
2021-03-14,6039274015.0
2021-03-15,6057833279.0
2021-03-16,6077495804.0
2021-03-17,6096544390.0
2021-03-18,6114612974.0
2021-03-19,6132350850.0
2021-03-20,6140423686.0
2021-03-21,6147991622.0
2021-03-22,6166245397.0
2021-03-23,6185371859.0
2021-03-24,6203542621.0
2021-03-25,6223815863.0
2021-03-26,6242597544.0
2021-03-27,6250757833.0
2021-03-28,6259105044.0
2021-03-29,6278856290.0
2021-03-30,6299063815.0
2021-03-31,6320409541.0
2021-04-01,6338945102.0
2021-04-02,6353400795.0
2021-04-03,6360847618.0
2021-04-04,6368060355.0
2021-04-05,6383444772.0
2021-04-06,6404384012.0
2021-04-07,6424568947.0
2021-04-08,6444896383.0
2021-04-09,6463425358.0
2021-04-10,6472046651.0
2021-04-11,6480606908.0
2021-04-12,6499495816.0
2021-04-13,6520309996.0
2021-04-14,6539835075.0
2021-04-15,6559817563.0
2021-04-16,6577852441.0
2021-04-17,6586280078.0
2021-04-18,6593662938.0
2021-04-19,6612783880.0
2021-04-20,6632439653.0
2021-04-21,6652619301.0
2021-04-22,6672420863.0
2021-04-23,6690309523.0
2021-04-24,6698281995.0
2021-04-25,6706424406.0
2021-04-26,6724324125.0
2021-04-27,6743817610.0
2021-04-28,6763937379.0
2021-04-29,6784642238.0
2021-04-30,6802819038.0
2021-05-01,6811891918.0
2021-05-02,6819806107.0
2021-05-03,6836892702.0
2021-05-04,6855252806.0
2021-05-05,6872586743.0
2021-05-06,6891041527.0
2021-05-07,6909405443.0
2021-05-08,6918258068.0
2021-05-09,6926512171.0
2021-05-10,6946046972.0
2021-05-11,6967528274.0
2021-05-12,6990207139.0
2021-05-13,7009158408.0
2021-05-14,7027256134.0
2021-05-15,7036095141.0
2021-05-16,7043531635.0
2021-05-17,7063830525.0
2021-05-18,7084081798.0
2021-05-19,7104017349.0
2021-05-20,7123884718.0
2021-05-21,7142669942.0
2021-05-22,7151388713.0
2021-05-23,7159484327.0
2021-05-24,7176335308.0
2021-05-25,7196446913.0
2021-05-26,7217720946.0
2021-05-27,7237589973.0
2021-05-28,7256703234.0
2021-05-29,7265196703.0
2021-05-30,7273965239.0
2021-05-31,7290099743.0
2021-06-01,7310729557.0
2021-06-02,7331037505.0
2021-06-03,7350617063.0
2021-06-04,7368693058.0
2021-06-05,7376662872.0
2021-06-06,7385162264.0
2021-06-07,7404691657.0
2021-06-08,7426457507.0
2021-06-09,7448298075.0
2021-06-10,7470524248.0
2021-06-11,7490802855.0
2021-06-12,7499300602.0
2021-06-13,7507721941.0
2021-06-14,7528343899.0
2021-06-15,7549552889.0
2021-06-16,7572210237.0
2021-06-17,7595508882.0
2021-06-18,7613914933.0
2021-06-19,7623158654.0
2021-06-20,7631468761.0
2021-06-21,7653065758.0
2021-06-22,7674566295.0
2021-06-23,7696493354.0
2021-06-24,7717241125.0
2021-06-25,7735904159.0
2021-06-26,7744489187.0
2021-06-27,7752398299.0
2021-06-28,7772355314.0
2021-06-29,7793566718.0
2021-06-30,7815819178.0
2021-07-01,7838013989.0
2021-07-02,7857336862.0
2021-07-03,7865128887.0
2021-07-04,7873116775.0
2021-07-05,7891777712.0
2021-07-06,7913248875.0
2021-07-07,7936986003.0
2021-07-08,7959950155.0
2021-07-09,7980083840.0
2021-07-10,7988475626.0
2021-07-11,7996493005.0
2021-07-12,8017212931.0
2021-07-13,8039542237.0
2021-07-14,8060679940.0
2021-07-15,8082934886.0
2021-07-16,8102927441.0
2021-07-17,8110888930.0
2021-07-18,8118928466.0
2021-07-19,8141731414.0
2021-07-20,8166950748.0
2021-07-21,8188602896.0
2021-07-22,8209905950.0
2021-07-23,8228749575.0
2021-07-24,8237372860.0
2021-07-25,8244962922.0
2021-07-26,8267010795.0
2021-07-27,8289692118.0
2021-07-28,8311556458.0
2021-07-29,8335980263.0
2021-07-30,8359400957.0
2021-07-31,8369884911.0
2021-08-01,8379236206.0
2021-08-02,8403694178.0
2021-08-03,8427592583.0
2021-08-04,8451437474.0
2021-08-05,8476995374.0
2021-08-06,8500337148.0
2021-08-07,8509855289.0
2021-08-08,8519623800.0
2021-08-09,8543210452.0
2021-08-10,8566663238.0
2021-08-11,8594050512.0
2021-08-12,8620155967.0
2021-08-13,8644310100.0
2021-08-14,8656125288.0
2021-08-15,8665403049.0
2021-08-16,8693749458.0
2021-08-17,8719925453.0
2021-08-18,8744858317.0
2021-08-19,8768127817.0
2021-08-20,8791881852.0
2021-08-21,8803560956.0
2021-08-22,8815603434.0
2021-08-23,8844538616.0
2021-08-24,8873627528.0
2021-08-25,8898383566.0
2021-08-26,8923534500.0
2021-08-27,8946516087.0
2021-08-28,8955642899.0
2021-08-29,8965792579.0
2021-08-30,8992512394.0
2021-08-31,9018675800.0
2021-09-01,9045560027.0
2021-09-02,9072692891.0
2021-09-03,9095934372.0
2021-09-04,9105112486.0
2021-09-05,9113657506.0
2021-09-06,9133305780.0
2021-09-07,9157809731.0
2021-09-08,9184428841.0
2021-09-09,9210722587.0
2021-09-10,9236954081.0
2021-09-11,9248610697.0
2021-09-12,9259794686.0
2021-09-13,9288640344.0
2021-09-14,9320196063.0
2021-09-15,9350545610.0
2021-09-16,9379144883.0
2021-09-17,9406785842.0
2021-09-18,9418401387.0
2021-09-19,9430100185.0
2021-09-20,9456450618.0
2021-09-21,9485319156.0
2021-09-22,9514916094.0
2021-09-23,9542017577.0
2021-09-24,9567905484.0
2021-09-25,9578940109.0
2021-09-26,9589018500.0
2021-09-27,9615438270.0
2021-09-28,9643722824.0
2021-09-29,9672951696.0
2021-09-30,9705036263.0
2021-10-01,9731357048.0
2021-10-02,9742453567.0
2021-10-03,9753435671.0
2021-10-04,9779037146.0
2021-10-05,9807897815.0
2021-10-06,9836517816.0
2021-10-07,9868062305.0
2021-10-08,9901168764.0
2021-10-09,9914197365.0
2021-10-10,9927161070.0
2021-10-11,9955993964.0
2021-10-12,9986566679.0
2021-10-13,10019093408.0
2021-10-14,10050112742.0
2021-10-15,10081191307.0
2021-10-16,10094748571.0
2021-10-17,10110811051.0
2021-10-18,10144326179.0
2021-10-19,10178318153.0
2021-10-20,10211097727.0
2021-10-21,10242990201.0
2021-10-22,10270581212.0
2021-10-23,10282381711.0
2021-10-24,10294176452.0
2021-10-25,10324394236.0
2021-10-26,10356309045.0
2021-10-27,10386172367.0
2021-10-28,10418150467.0
2021-10-29,10444516880.0
2021-10-30,10456061819.0
2021-10-31,10467089644.0
2021-11-01,10496906187.0
2021-11-02,10527799439.0
2021-11-03,10556997930.0
2021-11-04,10587529963.0
2021-11-05,10613695185.0
2021-11-06,10627956593.0
2021-11-07,10639658063.0
2021-11-08,10668789437.0
2021-11-09,10700089221.0
2021-11-10,10732521961.0
2021-11-11,10759634501.0
2021-11-12,10784860306.0
2021-11-13,10796693486.0
2021-11-14,10807908582.0
2021-11-15,10837024928.0
2021-11-16,10867008368.0
2021-11-17,10896363559.0
2021-11-18,10925293472.0
2021-11-19,10953017606.0
2021-11-20,10965941948.0
2021-11-21,10977251771.0
2021-11-22,11005936154.0
2021-11-23,11035398190.0
2021-11-24,11062596004.0
2021-11-25,11086237273.0
2021-11-26,11106145178.0
2021-11-27,11116577047.0
2021-11-28,11127718358.0
2021-11-29,11156272906.0
2021-11-30,11187877342.0
2021-12-01,11219400769.0
2021-12-02,11249823929.0
2021-12-03,11280557911.0
2021-12-04,11293782760.0
2021-12-05,11306976210.0
2021-12-06,11338003812.0
2021-12-07,11370656559.0
2021-12-08,11404976611.0
2021-12-09,11441434754.0
2021-12-10,11473097576.0
2021-12-11,11486572506.0
2021-12-12,11498363739.0
2021-12-13,11530992566.0
2021-12-14,11566423483.0
2021-12-15,11599978509.0
2021-12-16,11631734258.0
2021-12-17,11662577937.0
2021-12-18,11675357882.0
2021-12-19,11687630862.0
2021-12-20,11716393130.0
2021-12-21,11746071162.0
2021-12-22,11769477374.0
2021-12-23,11793135036.0
2021-12-24,11809251773.0
2021-12-25,11817954081.0
2021-12-26,11827937729.0
2021-12-27,11844585453.0
2021-12-28,11863174356.0
2021-12-29,11883285942.0
2021-12-30,11900852307.0
2021-12-31,11915253501.0
2022-01-01,11926324554.0
2022-01-02,11937494888.0
2022-01-03,11964256193.0
2022-01-04,11994062563.0
2022-01-05,12027876735.0
2022-01-06,12065280149.0
2022-01-07,12099873514.0
2022-01-08,12120474417.0
2022-01-09,12140139280.0
2022-01-10,12176326213.0
2022-01-11,12212571886.0
2022-01-12,12251987463.0
2022-01-13,12291750399.0
2022-01-14,12328016584.0
2022-01-15,12347544141.0
2022-01-16,12360928897.0
2022-01-17,12388010119.0
2022-01-18,12418990156.0
2022-01-19,12452459182.0
2022-01-20,12486111035.0
2022-01-21,12517401824.0
2022-01-22,12532502505.0
2022-01-23,12551801916.0
2022-01-24,12594582214.0
2022-01-25,12636446065.0
2022-01-26,12675706018.0
2022-01-27,12712720458.0
2022-01-28,12745847897.0
2022-01-29,12760483574.0
2022-01-30,12774338484.0
2022-01-31,12809016210.0
2022-02-01,12845359193.0
2022-02-02,12878156101.0
2022-02-03,12909997978.0
2022-02-04,12940373262.0
2022-02-05,12953497911.0
2022-02-06,12965396101.0
2022-02-07,12997797740.0
2022-02-08,13031266192.0
2022-02-09,13064377816.0
2022-02-10,13096454108.0
2022-02-11,13125658416.0
2022-02-12,13138926175.0
2022-02-13,13150890781.0
2022-02-14,13182277666.0
2022-02-15,13215626374.0
2022-02-16,13247634192.0
2022-02-17,13283268627.0
2022-02-18,13315512735.0
2022-02-19,13329069230.0
2022-02-20,13341183798.0
2022-02-21,13369534458.0
2022-02-22,13403384996.0
2022-02-23,13436147824.0
2022-02-24,13467384116.0
2022-02-25,13500645652.0
2022-02-26,13515674195.0
2022-02-27,13530416150.0
2022-02-28,13566577037.0
2022-03-01,13605701886.0
2022-03-02,13645384079.0
2022-03-03,13683842909.0
2022-03-04,13715667449.0
2022-03-05,13732349995.0
2022-03-06,13744972046.0
2022-03-07,13780378426.0
2022-03-08,13816074511.0
2022-03-09,13852849767.0
2022-03-10,13889863706.0
2022-03-11,13924347732.0
2022-03-12,13939914256.0
2022-03-13,13953652249.0
2022-03-14,13986932846.0
2022-03-15,14026093321.0
2022-03-16,14063442678.0
2022-03-17,14097343953.0
2022-03-18,14128627104.0
2022-03-19,14144684631.0
2022-03-20,14158333206.0
2022-03-21,14193186607.0
2022-03-22,14232078477.0
2022-03-23,14270632273.0
2022-03-24,14306775090.0
2022-03-25,14340180627.0
2022-03-26,14354144824.0
2022-03-27,14366859808.0
2022-03-28,14402929939.0
2022-03-29,14439596530.0
2022-03-30,14480346216.0
2022-03-31,14519396421.0
2022-04-01,14556138824.0
2022-04-02,14571224236.0
2022-04-03,14586507136.0
2022-04-04,14622821648.0
2022-04-05,14659453618.0
2022-04-06,14697341538.0
2022-04-07,14736494457.0
2022-04-08,14774323582.0
2022-04-09,14789268071.0
2022-04-10,14802743331.0
2022-04-11,14842472404.0
2022-04-12,14881604144.0
2022-04-13,14920420320.0
2022-04-14,14958223254.0
2022-04-15,14989558510.0
2022-04-16,15003165989.0
2022-04-17,15018981438.0
2022-04-18,15048868744.0
2022-04-19,15087569470.0
2022-04-20,15127731284.0
2022-04-21,15167156182.0
2022-04-22,15203436059.0
2022-04-23,15217855353.0
2022-04-24,15232008955.0
2022-04-25,15269119524.0
2022-04-26,15308999708.0
2022-04-27,15346792301.0
2022-04-28,15388087917.0
2022-04-29,15423581408.0
2022-04-30,15437706574.0
2022-05-01,15452852503.0
2022-05-02,15489964503.0
2022-05-03,15527416077.0
2022-05-04,15564176473.0
2022-05-05,15600333176.0
2022-05-06,15637845182.0
2022-05-07,15653893791.0
2022-05-08,15670805886.0
2022-05-09,15710419840.0
2022-05-10,15752270750.0
2022-05-11,15792668346.0
2022-05-12,15832230449.0
2022-05-13,15865377715.0
2022-05-14,15879361936.0
2022-05-15,15894091519.0
2022-05-16,15937681744.0
2022-05-17,15974654773.0
2022-05-18,16012936952.0
2022-05-19,16052757722.0
2022-05-20,16091566284.0
2022-05-21,16107010052.0
2022-05-22,16121336437.0
2022-05-23,16159459365.0
2022-05-24,16203434532.0
2022-05-25,16243578339.0
2022-05-26,16276245921.0
2022-05-27,16308732002.0
2022-05-28,16322683498.0
2022-05-29,16336944309.0
2022-05-30,16365459285.0
2022-05-31,16401605954.0
2022-06-01,16441514101.0
2022-06-02,16477659302.0
2022-06-03,16513345071.0
2022-06-04,16528275743.0
2022-06-05,16542893196.0
2022-06-06,16583549811.0
2022-06-07,16625832652.0
2022-06-08,16667305861.0
2022-06-09,16711463689.0
2022-06-10,16749592736.0
2022-06-11,16764665692.0
2022-06-12,16778162019.0
2022-06-13,16821376170.0
2022-06-14,16866767472.0
2022-06-15,16908870628.0
2022-06-16,16948720264.0
2022-06-17,16988788683.0
2022-06-18,17007381852.0
2022-06-19,17022469529.0
2022-06-20,17062430080.0
2022-06-21,17108146440.0
2022-06-22,17152673621.0
2022-06-23,17196373119.0
2022-06-24,17236341052.0
2022-06-25,17253404027.0
2022-06-26,17268953756.0
2022-06-27,17311457463.0
2022-06-28,17357929366.0
2022-06-29,17401880509.0
2022-06-30,17445792520.0
2022-07-01,17491308588.0
2022-07-02,17508397928.0
2022-07-03,17524907382.0
2022-07-04,17561098605.0
2022-07-05,17604834510.0
2022-07-06,17652270683.0
2022-07-07,17699502511.0
2022-07-08,17746286509.0
2022-07-09,17771797059.0
2022-07-10,17795665253.0
2022-07-11,17841581872.0
2022-07-12,17890742133.0
2022-07-13,17941934334.0
2022-07-14,17990532379.0
2022-07-15,18033551246.0
2022-07-16,18051731368.0
2022-07-17,18070462173.0
2022-07-18,18115103816.0
2022-07-19,18164887025.0
2022-07-20,18212731191.0
2022-07-21,18261379810.0
2022-07-22,18302232534.0
2022-07-23,18317894053.0
2022-07-24,18332030598.0
2022-07-25,18377882750.0
2022-07-26,18429677736.0
2022-07-27,18481112285.0
2022-07-28,18527647582.0
2022-07-29,18569565281.0
2022-07-30,18585984161.0
2022-07-31,18601874234.0
2022-08-01,18652822775.0
2022-08-02,18702962658.0
2022-08-03,18754392089.0
2022-08-04,18806675658.0
2022-08-05,18849465999.0
2022-08-06,18866363451.0
2022-08-07,18882346695.0
2022-08-08,18927710857.0
2022-08-09,18976539174.0
2022-08-10,19026375091.0
2022-08-11,19073757085.0
2022-08-12,19119181868.0
2022-08-13,19137853064.0
2022-08-14,19158752747.0
2022-08-15,19204294616.0
2022-08-16,19255304364.0
2022-08-17,19304523139.0
2022-08-18,19352515792.0
2022-08-19,19397031650.0
2022-08-20,19415296107.0
2022-08-21,19431641161.0
2022-08-22,19480035831.0
2022-08-23,19531111933.0
2022-08-24,19578956408.0
2022-08-25,19626696366.0
2022-08-26,19667685005.0
2022-08-27,19684637082.0
2022-08-28,19700697974.0
2022-08-29,19746216709.0
2022-08-30,19796307906.0
2022-08-31,19846076526.0
2022-09-01,19898533323.0
2022-09-02,19944664364.0
2022-09-03,19963810110.0
2022-09-04,19980803910.0
2022-09-05,20022044563.0
2022-09-06,20071784743.0
2022-09-07,20122797659.0
2022-09-08,20175420114.0
2022-09-09,20222000358.0
2022-09-10,20243936964.0
2022-09-11,20261555575.0
2022-09-12,20306335174.0
2022-09-13,20356868431.0
2022-09-14,20408205433.0
2022-09-15,20459219104.0
2022-09-16,20503207724.0
2022-09-17,20519227067.0
2022-09-18,20535543362.0
2022-09-19,20580516673.0
2022-09-20,20630129538.0
2022-09-21,20682438280.0
2022-09-22,20734231436.0
2022-09-23,20783039912.0
2022-09-24,20801123829.0
2022-09-25,20818248613.0
2022-09-26,20871115481.0
2022-09-27,20922545307.0
2022-09-28,20977560799.0
2022-09-29,21028005529.0
2022-09-30,21076624902.0
2022-10-01,21095571408.0
2022-10-02,21112256883.0
2022-10-03,21159712027.0
2022-10-04,21208074638.0
2022-10-05,21258396456.0
2022-10-06,21310783493.0
2022-10-07,21358659663.0
2022-10-08,21380984975.0
2022-10-09,21400891728.0
2022-10-10,21451636278.0
2022-10-11,21506168470.0
2022-10-12,21563868881.0
2022-10-13,21616655559.0
2022-10-14,21664010410.0
2022-10-15,21685685623.0
2022-10-16,21702482637.0
2022-10-17,21754054640.0
2022-10-18,21810369538.0
2022-10-19,21865802862.0
2022-10-20,21922944349.0
2022-10-21,21977844146.0
2022-10-22,21997278668.0
2022-10-23,22014362929.0
2022-10-24,22066776465.0
2022-10-25,22121026167.0
2022-10-26,22177293808.0
2022-10-27,22230685902.0
2022-10-28,22280374498.0
2022-10-29,22300086587.0
2022-10-30,22316522949.0
2022-10-31,22365041939.0
2022-11-01,22415412946.0
2022-11-02,22470846228.0
2022-11-03,22525531837.0
2022-11-04,22575515172.0
2022-11-05,22597022757.0
2022-11-06,22615773882.0
2022-11-07,22670748500.0
2022-11-08,22733523241.0
2022-11-09,22790219939.0
2022-11-10,22845936975.0
2022-11-11,22891600428.0
2022-11-12,22911270147.0
2022-11-13,22930276749.0
2022-11-14,22987947413.0
2022-11-15,23048652968.0
2022-11-16,23105725949.0
2022-11-17,23160883217.0
2022-11-18,23211651891.0
2022-11-19,23232921666.0
2022-11-20,23253685770.0
2022-11-21,23305222128.0
2022-11-22,23358669227.0
2022-11-23,23408365167.0
2022-11-24,23448305101.0
2022-11-25,23485129928.0
2022-11-26,23500755845.0
2022-11-27,23518176018.0
2022-11-28,23575702999.0
2022-11-29,23634057451.0
2022-11-30,23690481751.0
2022-12-01,23750232423.0
2022-12-02,23799456060.0
2022-12-03,23820616540.0
2022-12-04,23840692921.0
2022-12-05,23894556618.0
2022-12-06,23952411389.0
2022-12-07,24006177324.0
2022-12-08,24060734528.0
2022-12-09,24110189559.0
2022-12-10,24129332181.0
2022-12-11,24147855033.0
2022-12-12,24205604368.0
2022-12-13,24260613577.0
2022-12-14,24313013681.0
2022-12-15,24365568790.0
2022-12-16,24412671744.0
2022-12-17,24431961021.0
2022-12-18,24451052512.0
2022-12-19,24505749495.0
2022-12-20,24555603335.0
2022-12-21,24607067006.0
2022-12-22,24651966734.0
2022-12-23,24688845772.0
2022-12-24,24704772929.0
2022-12-25,24719459415.0
2022-12-26,24743538137.0
2022-12-27,24772942422.0
2022-12-28,24803311518.0
2022-12-29,24833314903.0
2022-12-30,24859292585.0
2022-12-31,24874163017.0
2023-01-01,24891082443.0
2023-01-02,24920220810.0
2023-01-03,24964148512.0
2023-01-04,25013307841.0
2023-01-05,25064055066.0
2023-01-06,25111475935.0
2023-01-07,25132349289.0
2023-01-08,25152913102.0
2023-01-09,25208870932.0
2023-01-10,25265186837.0
2023-01-11,25324542410.0
2023-01-12,25381829608.0
2023-01-13,25434723485.0
2023-01-14,25457105664.0
2023-01-15,25476990509.0
2023-01-16,25525099361.0
2023-01-17,25578869437.0
2023-01-18,25636182295.0
2023-01-19,25692249661.0
2023-01-20,25750449052.0
2023-01-21,25774639366.0
2023-01-22,25795061272.0
2023-01-23,25851196672.0
2023-01-24,25908945502.0
2023-01-25,25965799211.0
2023-01-26,26022125253.0
2023-01-27,26080330943.0
2023-01-28,26104558830.0
2023-01-29,26128825234.0
2023-01-30,26192581512.0
2023-01-31,26259036134.0
2023-02-01,26324171583.0
2023-02-02,26384924421.0
2023-02-03,26442603960.0
2023-02-04,26468653078.0
2023-02-05,26491790182.0
2023-02-06,26550851642.0
2023-02-07,26614949191.0
2023-02-08,26675640607.0
2023-02-09,26739009635.0
2023-02-10,26801012064.0
2023-02-11,26826139185.0
2023-02-12,26848197502.0
2023-02-13,26910627575.0
2023-02-14,26973473300.0
2023-02-15,27038127120.0
2023-02-16,27105009958.0
2023-02-17,27165163699.0
2023-02-18,27190357257.0
2023-02-19,27215533145.0
2023-02-20,27269670902.0
2023-02-21,27332868500.0
2023-02-22,27400364151.0
2023-02-23,27462603988.0
2023-02-24,27523167973.0
2023-02-25,27555658304.0
2023-02-26,27585983838.0
2023-02-27,27657960860.0
2023-02-28,27736403841.0
2023-03-01,27803643973.0
2023-03-02,27867299798.0
2023-03-03,27923898242.0
2023-03-04,27948401180.0
2023-03-05,27972144270.0
2023-03-06,28041923207.0
2023-03-07,28113650553.0
2023-03-08,28177487053.0
2023-03-09,28249462202.0
2023-03-10,28318244536.0
2023-03-11,28347782824.0
2023-03-12,28372275155.0
2023-03-13,28445041719.0
2023-03-14,28514791729.0
2023-03-15,28586049158.0
2023-03-16,28655341712.0
2023-03-17,28718849257.0
2023-03-18,28745560583.0
2023-03-19,28771626097.0
2023-03-20,28845189848.0
2023-03-21,28920006964.0
2023-03-22,28991924086.0
2023-03-23,29076591472.0
2023-03-24,29147231984.0
2023-03-25,29176469532.0
2023-03-26,29200820176.0
2023-03-27,29271977436.0
2023-03-28,29348448606.0
2023-03-29,29421600561.0
2023-03-30,29492017894.0
2023-03-31,29557940874.0
2023-04-01,29585601547.0
2023-04-02,29611351287.0
2023-04-03,29681212220.0
2023-04-04,29750834875.0
2023-04-05,29816030575.0
2023-04-06,29880139095.0
2023-04-07,29929004509.0
2023-04-08,29952182189.0
2023-04-09,29977860351.0
2023-04-10,30030694389.0
2023-04-11,30099810237.0
2023-04-12,30170145188.0
2023-04-13,30247064976.0
2023-04-14,30314623434.0
2023-04-15,30341229380.0
2023-04-16,30365300520.0
2023-04-17,30433936161.0
2023-04-18,30504300217.0
2023-04-19,30573704874.0
2023-04-20,30644457249.0
2023-04-21,30710746697.0
2023-04-22,30738306807.0
2023-04-23,30762188994.0
2023-04-24,30831500070.0
2023-04-25,30901464885.0
2023-04-26,30974423967.0
2023-04-27,31043577404.0
2023-04-28,31104808467.0
2023-04-29,31128924943.0
2023-04-30,31154841004.0
2023-05-01,31210606156.0
2023-05-02,31278547109.0
2023-05-03,31345811643.0
2023-05-04,31416067386.0
2023-05-05,31481270270.0
2023-05-06,31507152715.0
2023-05-07,31531014789.0
2023-05-08,31595998265.0
2023-05-09,31666227162.0
2023-05-10,31735351001.0
2023-05-11,31807480675.0
2023-05-12,31871830729.0
2023-05-13,31895690470.0
2023-05-14,31917847365.0
2023-05-15,31989518458.0
2023-05-16,32065597749.0
2023-05-17,32141498753.0
2023-05-18,32203063800.0
2023-05-19,32265426976.0
2023-05-20,32289840020.0
2023-05-21,32312588168.0
2023-05-22,32386637194.0
2023-05-23,32461716078.0
2023-05-24,32534257242.0
2023-05-25,32605559786.0
2023-05-26,32668772529.0
2023-05-27,32693644352.0
2023-05-28,32718079043.0
2023-05-29,32767635950.0
2023-05-30,32841288162.0
2023-05-31,32917784789.0
2023-06-01,32992647021.0
2023-06-02,33068952122.0
2023-06-03,33098182728.0
2023-06-04,33125228284.0
2023-06-05,33206476186.0
2023-06-06,33290069757.0
2023-06-07,33372812552.0
2023-06-08,33452346534.0
2023-06-09,33522254237.0
2023-06-10,33549087934.0
2023-06-11,33573994816.0
2023-06-12,33652222664.0
2023-06-13,33740516215.0
2023-06-14,33833599424.0
2023-06-15,33913861570.0
2023-06-16,33986824764.0
2023-06-17,34014568052.0
2023-06-18,34041400001.0
2023-06-19,34111344605.0
2023-06-20,34194951413.0
2023-06-21,34285232137.0
2023-06-22,34368950624.0
2023-06-23,34440797975.0
2023-06-24,34468446590.0
2023-06-25,34498325368.0
2023-06-26,34587666648.0
2023-06-27,34675205031.0
2023-06-28,34763163544.0
2023-06-29,34846867710.0
2023-06-30,34923454828.0
2023-07-01,34954338974.0
2023-07-02,34982091272.0
2023-07-03,35055088592.0
2023-07-04,35124421772.0
2023-07-05,35210499522.0
2023-07-06,35303376012.0
2023-07-07,35388659132.0
2023-07-08,35425210378.0
2023-07-09,35459945298.0
2023-07-10,35552108020.0
2023-07-11,35645936021.0
2023-07-12,35732539598.0
2023-07-13,35814882298.0
2023-07-14,35894981376.0
2023-07-15,35923990176.0
2023-07-16,35951313780.0
2023-07-17,36035701244.0
2023-07-18,36120891744.0
2023-07-19,36204306221.0
2023-07-20,36296498003.0
2023-07-21,36376667059.0
2023-07-22,36411711165.0
2023-07-23,36439600412.0
2023-07-24,36526802539.0
2023-07-25,36616065405.0
2023-07-26,36701132313.0
2023-07-27,36789847974.0
2023-07-28,36868840978.0
2023-07-29,36897743817.0
2023-07-30,36925455655.0
2023-07-31,37010445376.0
2023-08-01,37098647134.0
2023-08-02,37183819236.0
2023-08-03,37273237184.0
2023-08-04,37356249734.0
2023-08-05,37386343374.0
2023-08-06,37416185661.0
2023-08-07,37504423801.0
2023-08-08,37593782183.0
2023-08-09,37683394927.0
2023-08-10,37771679156.0
2023-08-11,37849588874.0
2023-08-12,37878819968.0
2023-08-13,37907652015.0
2023-08-14,37993877137.0
2023-08-15,38076549094.0
2023-08-16,38170634373.0
2023-08-17,38265094128.0
2023-08-18,38348320014.0
2023-08-19,38380718450.0
2023-08-20,38409732315.0
2023-08-21,38502559165.0
2023-08-22,38596128926.0
2023-08-23,38690441037.0
2023-08-24,38785461704.0
2023-08-25,38878962734.0
2023-08-26,38911235550.0
2023-08-27,38942909217.0
2023-08-28,39038633336.0
2023-08-29,39147588597.0
2023-08-30,39249524486.0
2023-08-31,39347769328.0
2023-09-01,39434533141.0
2023-09-02,39466267256.0
2023-09-03,39495207096.0
2023-09-04,39569356006.0
2023-09-05,39664767602.0
2023-09-06,39766837385.0
2023-09-07,39867896057.0
2023-09-08,39961223197.0
2023-09-09,39994483456.0
2023-09-10,40025120456.0
2023-09-11,40123704165.0
2023-09-12,40226840507.0
2023-09-13,40332614536.0
2023-09-14,40433594155.0
2023-09-15,40523366396.0
2023-09-16,40556187423.0
2023-09-17,40584714252.0
2023-09-18,40690385443.0
2023-09-19,40797185914.0
2023-09-20,40903391390.0
2023-09-21,41011202512.0
2023-09-22,41103720683.0
2023-09-23,41135791811.0
2023-09-24,41164548750.0
2023-09-25,41263506736.0
2023-09-26,41366722709.0
2023-09-27,41472652248.0
2023-09-28,41571036337.0
2023-09-29,41668921783.0
2023-09-30,41706104361.0
2023-10-01,41740535165.0
2023-10-02,41834266812.0
2023-10-03,41936437631.0
2023-10-04,42037409508.0
2023-10-05,42140261862.0
2023-10-06,42244511307.0
2023-10-07,42285564212.0
2023-10-08,42319520969.0
2023-10-09,42416599249.0
2023-10-10,42529158433.0
2023-10-11,42646960707.0
2023-10-12,42762323530.0
2023-10-13,42861841037.0
2023-10-14,42898474136.0
2023-10-15,42933931768.0
2023-10-16,43050520415.0
2023-10-17,43166178750.0
2023-10-18,43283800202.0
2023-10-19,43399522266.0
2023-10-20,43505329571.0
2023-10-21,43546291275.0
2023-10-22,43582853866.0
2023-10-23,43689586323.0
2023-10-24,43800726008.0
2023-10-25,43917833526.0
2023-10-26,44031146843.0
2023-10-27,44138202361.0
2023-10-28,44178930432.0
2023-10-29,44215340368.0
2023-10-30,44331717948.0
2023-10-31,44452447357.0
2023-11-01,44571055231.0
2023-11-02,44694097631.0
2023-11-03,44800221470.0
2023-11-04,44840647118.0
2023-11-05,44880266360.0
2023-11-06,44992484392.0
2023-11-07,45116400344.0
2023-11-08,45234001031.0
2023-11-09,45348270337.0
2023-11-10,45450263264.0
2023-11-11,45492572691.0
2023-11-12,45532237809.0
2023-11-13,45650882970.0
2023-11-14,45779637031.0
2023-11-15,45907182608.0
2023-11-16,46032268010.0
2023-11-17,46155433003.0
2023-11-18,46199797465.0
2023-11-19,46242292326.0
2023-11-20,46354796136.0
2023-11-21,46474530796.0
2023-11-22,46578124990.0
2023-11-23,46667184734.0
2023-11-24,46741716864.0
2023-11-25,46778665085.0
2023-11-26,46817544703.0
2023-11-27,46928858942.0
2023-11-28,47056308652.0
2023-11-29,47178757876.0
2023-11-30,47295848705.0
2023-12-01,47403499083.0
2023-12-02,47446701298.0
2023-12-03,47562084544.0
2023-12-04,47677640285.0
2023-12-05,47802222022.0
2023-12-06,47920942608.0
2023-12-07,48042338300.0
2023-12-08,48153920354.0
2023-12-09,48197255923.0
2023-12-10,48234642619.0
2023-12-11,48347229314.0
2023-12-12,48475265657.0
2023-12-13,48600967248.0
2023-12-14,48718809281.0
2023-12-15,48827342831.0
2023-12-16,48868382466.0
2023-12-17,48905929876.0
2023-12-18,49018161175.0
2023-12-19,49135559395.0
2023-12-20,49249942384.0
2023-12-21,49354267144.0
2023-12-22,49442031071.0
2023-12-23,49478455404.0
2023-12-24,49511366159.0
2023-12-25,49555583495.0
2023-12-26,49608788284.0
2023-12-27,49668633493.0
2023-12-28,49733527461.0
2023-12-29,49795755220.0
2023-12-30,49832133135.0
2023-12-31,49865965248.0
2024-01-01,49910311328.0
2024-01-02,50008963030.0
2024-01-03,50120081682.0
2024-01-04,50228754326.0
2024-01-05,50332932937.0
2024-01-06,50377875569.0
2024-01-07,50416618491.0
2024-01-08,50532178566.0
2024-01-09,50654940336.0
2024-01-10,50781034638.0
2024-01-11,50903066902.0
2024-01-12,51017380544.0
2024-01-13,51063218360.0
2024-01-14,51104569970.0
2024-01-15,51207055749.0
2024-01-16,51329587856.0
2024-01-17,51459156480.0
2024-01-18,51590861477.0
2024-01-19,51720940129.0
2024-01-20,51768086090.0
2024-01-21,51811038912.0
2024-01-22,51939961744.0
2024-01-23,52076965896.0
2024-01-24,52213418636.0
2024-01-25,52339997271.0
2024-01-26,52451540791.0
2024-01-27,52497425627.0
2024-01-28,52537949659.0
2024-01-29,52666731293.0
2024-01-30,52809687230.0
2024-01-31,52949234713.0
2024-02-01,53089594324.0
2024-02-02,53216368358.0
2024-02-03,53266072085.0
2024-02-04,53315607864.0
2024-02-05,53444140039.0
2024-02-06,53580199806.0
2024-02-07,53712359276.0
2024-02-08,53846676110.0
2024-02-09,53975143376.0
2024-02-10,54025012766.0
2024-02-11,54071649592.0
2024-02-12,54202378923.0
2024-02-13,54337994293.0
2024-02-14,54481615527.0
2024-02-15,54616975028.0
2024-02-16,54741179093.0
2024-02-17,54792404131.0
2024-02-18,54841081439.0
2024-02-19,54958570537.0
2024-02-20,55101846073.0
2024-02-21,55243172503.0
2024-02-22,55385141952.0
2024-02-23,55527212297.0
2024-02-24,55580040300.0
2024-02-25,55628469125.0
2024-02-26,55778415871.0
2024-02-27,55931193243.0
2024-02-28,56081727923.0
2024-02-29,56232686864.0
2024-03-01,56375492298.0
2024-03-02,56431416122.0
2024-03-03,56480523365.0
2024-03-04,56626299872.0
2024-03-05,56779664392.0
2024-03-06,56929084639.0
2024-03-07,57074956677.0
2024-03-08,57203258622.0
2024-03-09,57259255242.0
2024-03-10,57307404956.0
2024-03-11,57448205120.0
2024-03-12,57600120405.0
2024-03-13,57747636174.0
2024-03-14,57890652515.0
2024-03-15,58025971324.0
2024-03-16,58078399252.0
2024-03-17,58126333804.0
2024-03-18,58271018632.0
2024-03-19,58419925493.0
2024-03-20,58572199236.0
2024-03-21,58720770552.0
2024-03-22,58852821795.0
2024-03-23,58907910247.0
2024-03-24,58957467572.0
2024-03-25,59107806392.0
2024-03-26,59262015962.0
2024-03-27,59406090069.0
2024-03-28,59558071127.0
2024-03-29,59677716073.0
2024-03-30,59729837807.0
2024-03-31,59775977857.0
2024-04-01,59908277207.0
2024-04-02,60075044119.0
2024-04-03,60251346016.0
2024-04-04,60415412412.0
2024-04-05,60555601280.0
2024-04-06,60614248416.0
2024-04-07,60664901695.0
2024-04-08,60667548850.0
2024-04-09,60667548850.0
2024-04-10,60667548850.0
2024-04-11,60667548850.0
2024-04-12,60667548850.0
2024-04-13,60667548850.0
2024-04-14,60667548850.0
2024-04-15,60667548850.0
2024-04-16,60667548850.0
